BEGIN TRANSACTION;
CREATE TABLE attempt (
    id                  INTEGER PRIMARY KEY,
    problem_set_id      INTEGER NOT NULL REFERENCES problem_set(id),
    problem_id          INTEGER NOT NULL REFERENCES problem(id),
    n_previous_attempts INTEGER NOT NULL DEFAULT 0,
    duration_seconds    REAL,            -- time spent on this problem (one-at-a-time)
    completed_at        TEXT NOT NULL,
    answered_correctly  INTEGER          -- 1 correct, 0 incorrect, NULL ungraded
);
INSERT INTO "attempt" VALUES(1,1,89,0,4.557,'2026-06-28T18:52:38.227196+00:00',1);
INSERT INTO "attempt" VALUES(2,1,90,0,4.469,'2026-06-28T18:52:38.228648+00:00',1);
INSERT INTO "attempt" VALUES(3,4,92,0,11.616,'2026-06-30T01:10:26.113797+00:00',1);
INSERT INTO "attempt" VALUES(4,4,91,0,5.337,'2026-06-30T01:10:26.116301+00:00',1);
INSERT INTO "attempt" VALUES(5,4,99,0,7.209,'2026-06-30T01:10:26.116338+00:00',0);
INSERT INTO "attempt" VALUES(6,4,94,0,4.308,'2026-06-30T01:10:26.116353+00:00',0);
INSERT INTO "attempt" VALUES(7,4,98,0,4.208,'2026-06-30T01:10:26.116367+00:00',1);
INSERT INTO "attempt" VALUES(8,5,93,0,13.467,'2026-06-30T01:12:07.172578+00:00',1);
INSERT INTO "attempt" VALUES(9,5,95,0,11.687,'2026-06-30T01:12:07.175260+00:00',1);
INSERT INTO "attempt" VALUES(10,5,96,0,9.27,'2026-06-30T01:12:07.175303+00:00',1);
INSERT INTO "attempt" VALUES(11,5,97,0,5.641,'2026-06-30T01:12:07.175319+00:00',1);
INSERT INTO "attempt" VALUES(12,5,100,0,11.864,'2026-06-30T01:12:07.175333+00:00',1);
CREATE TABLE batch (
    id          INTEGER PRIMARY KEY,
    prompt      TEXT NOT NULL,          -- description that generated this set
    created_at  TEXT NOT NULL
);
INSERT INTO "batch" VALUES(1,'special-angle trig values','2026-06-28T18:44:21.180181+00:00');
INSERT INTO "batch" VALUES(2,'log & exp values','2026-06-28T18:44:21.187880+00:00');
INSERT INTO "batch" VALUES(3,'constants & special values','2026-06-28T18:44:21.190446+00:00');
INSERT INTO "batch" VALUES(4,'exponent & log laws','2026-06-28T18:44:21.228662+00:00');
INSERT INTO "batch" VALUES(5,'standard factorizations','2026-06-28T18:44:21.254572+00:00');
INSERT INTO "batch" VALUES(6,'complete the square','2026-06-28T18:44:21.268162+00:00');
INSERT INTO "batch" VALUES(7,'partial-fraction decomposition','2026-06-28T18:44:21.423773+00:00');
INSERT INTO "batch" VALUES(8,'binomial coefficients','2026-06-28T18:44:21.429559+00:00');
INSERT INTO "batch" VALUES(9,'polynomial & power-rule derivatives','2026-06-28T18:44:21.461577+00:00');
INSERT INTO "batch" VALUES(10,'product-rule derivatives','2026-06-28T18:44:21.604202+00:00');
INSERT INTO "batch" VALUES(11,'quotient-rule derivatives','2026-06-28T18:44:21.740016+00:00');
INSERT INTO "batch" VALUES(12,'chain-rule derivatives','2026-06-28T18:44:21.828008+00:00');
INSERT INTO "batch" VALUES(13,'logarithmic differentiation','2026-06-28T18:44:21.917297+00:00');
INSERT INTO "batch" VALUES(14,'higher-order derivatives','2026-06-28T18:44:21.962538+00:00');
INSERT INTO "batch" VALUES(15,'partial derivatives','2026-06-28T18:44:22.009228+00:00');
INSERT INTO "batch" VALUES(16,'differentiate under the integral sign (Leibniz)','2026-06-28T18:44:22.471796+00:00');
INSERT INTO "batch" VALUES(17,'basic antiderivatives','2026-06-28T18:44:22.517969+00:00');
INSERT INTO "batch" VALUES(18,'u-substitution integrals','2026-06-28T18:44:22.635311+00:00');
INSERT INTO "batch" VALUES(19,'integration by parts','2026-06-28T18:44:22.771013+00:00');
INSERT INTO "batch" VALUES(20,'partial-fraction integrals','2026-06-28T18:44:22.909936+00:00');
INSERT INTO "batch" VALUES(21,'definite integrals (FTC), with symmetry traps','2026-06-28T18:44:23.018421+00:00');
INSERT INTO "batch" VALUES(22,'improper integrals (divergence-aware)','2026-06-28T18:44:23.208886+00:00');
INSERT INTO "batch" VALUES(23,'special-function integrals (numeric-verified)','2026-06-28T18:44:23.269003+00:00');
INSERT INTO "batch" VALUES(24,'geometric series (finite & infinite)','2026-06-28T18:44:46.735877+00:00');
INSERT INTO "batch" VALUES(25,'telescoping sums','2026-06-28T18:44:48.811606+00:00');
INSERT INTO "batch" VALUES(26,'polynomial (closed-form) sums','2026-06-28T18:44:48.879101+00:00');
INSERT INTO "batch" VALUES(27,'binomial-theorem expansion','2026-06-28T18:44:48.892848+00:00');
INSERT INTO "batch" VALUES(28,'Taylor / Maclaurin series','2026-06-28T18:44:48.994545+00:00');
INSERT INTO "batch" VALUES(29,'function & sequence limits','2026-06-28T18:44:49.057097+00:00');
INSERT INTO "batch" VALUES(30,'L''Hopital indeterminate forms','2026-06-28T18:44:49.163015+00:00');
INSERT INTO "batch" VALUES(31,'compound-interest limit (-> e)','2026-06-28T18:44:49.191500+00:00');
INSERT INTO "batch" VALUES(32,'determinants (2x2 & 3x3), with a non-square trap','2026-06-28T18:44:49.206453+00:00');
INSERT INTO "batch" VALUES(33,'2x2 matrix inverse, with singular/non-square traps','2026-06-28T18:44:49.216191+00:00');
INSERT INTO "batch" VALUES(34,'quadratic forms x^T A x','2026-06-28T18:44:49.229091+00:00');
INSERT INTO "batch" VALUES(35,'double integrals (rectangular & triangular regions)','2026-06-28T18:44:49.433197+00:00');
INSERT INTO "batch" VALUES(36,'switch order of integration','2026-06-28T18:44:49.469131+00:00');
INSERT INTO "batch" VALUES(37,'critical points (f''=0), with non-extremum & constant traps','2026-06-28T18:44:49.506997+00:00');
INSERT INTO "batch" VALUES(38,'local extrema (2nd-derivative test)','2026-06-28T18:44:49.535790+00:00');
INSERT INTO "batch" VALUES(39,'expectation via LOTUS','2026-06-28T18:44:51.058353+00:00');
INSERT INTO "batch" VALUES(40,'variance via LOTUS','2026-06-28T18:44:51.546313+00:00');
INSERT INTO "batch" VALUES(41,'maximum likelihood (single parameter)','2026-06-28T18:44:51.567614+00:00');
CREATE TABLE problem (
    id                  INTEGER PRIMARY KEY,
    batch_id            INTEGER REFERENCES batch(id),
    instructions        TEXT NOT NULL,                 -- prose ask ("differentiate")
    formula_1           TEXT,                          -- definitions/givens (f(x)=…, X∼Dist)
    formula_2           TEXT,
    formula_3           TEXT,
    expression_1        TEXT,                          -- the operand (∫…dx, the function)
    expression_2        TEXT,
    expression_3        TEXT,
    answer              TEXT NOT NULL,                 -- raw TeX; sympy output
    answer_verified_by  TEXT,                          -- NULL unverified | 'sympy' confirmed
    problem_source      TEXT NOT NULL,
    answer_source       TEXT NOT NULL,
    status              TEXT NOT NULL DEFAULT 'staged', -- staged|approved|rejected
    gotcha              INTEGER NOT NULL DEFAULT 0,     -- instructive trap; weighted in drilling
    difficulty          TEXT NOT NULL DEFAULT 'medium', -- easy|medium|hard (curated)
    has_e               INTEGER NOT NULL DEFAULT 0,     -- involves Euler's e / exp (auto)
    has_ln              INTEGER NOT NULL DEFAULT 0,     -- involves natural log (auto)
    has_trig            INTEGER NOT NULL DEFAULT 0,     -- involves sine/cosine (auto)
    created_at          TEXT NOT NULL,
    approved_at         TEXT
);
INSERT INTO "problem" VALUES(1,1,'give the exact value',NULL,NULL,NULL,'\sin(0)',NULL,NULL,'0','sympy','claude','sympy','approved',0,'easy',0,0,1,'2026-06-28T18:44:21.180359+00:00','2026-06-28T18:51:13.504608+00:00');
INSERT INTO "problem" VALUES(2,1,'give the exact value',NULL,NULL,NULL,'\cos(0)',NULL,NULL,'1','sympy','claude','sympy','approved',0,'easy',0,0,1,'2026-06-28T18:44:21.180397+00:00','2026-06-28T18:51:13.504608+00:00');
INSERT INTO "problem" VALUES(3,1,'give the exact value',NULL,NULL,NULL,'\sin\left(\tfrac{\pi}{6}\right)',NULL,NULL,'\frac{1}{2}','sympy','claude','sympy','approved',0,'easy',0,0,1,'2026-06-28T18:44:21.180407+00:00','2026-06-28T18:51:13.504608+00:00');
INSERT INTO "problem" VALUES(4,1,'give the exact value',NULL,NULL,NULL,'\cos\left(\tfrac{\pi}{6}\right)',NULL,NULL,'\frac{\sqrt{3}}{2}','sympy','claude','sympy','approved',0,'easy',0,0,1,'2026-06-28T18:44:21.180415+00:00','2026-06-28T18:51:13.504608+00:00');
INSERT INTO "problem" VALUES(5,1,'give the exact value',NULL,NULL,NULL,'\sin\left(\tfrac{\pi}{4}\right)',NULL,NULL,'\frac{\sqrt{2}}{2}','sympy','claude','sympy','approved',0,'easy',0,0,1,'2026-06-28T18:44:21.180421+00:00','2026-06-28T18:51:13.504608+00:00');
INSERT INTO "problem" VALUES(6,1,'give the exact value',NULL,NULL,NULL,'\cos\left(\tfrac{\pi}{4}\right)',NULL,NULL,'\frac{\sqrt{2}}{2}','sympy','claude','sympy','approved',0,'easy',0,0,1,'2026-06-28T18:44:21.180427+00:00','2026-06-28T18:51:13.504608+00:00');
INSERT INTO "problem" VALUES(7,1,'give the exact value',NULL,NULL,NULL,'\sin\left(\tfrac{\pi}{3}\right)',NULL,NULL,'\frac{\sqrt{3}}{2}','sympy','claude','sympy','approved',0,'easy',0,0,1,'2026-06-28T18:44:21.180433+00:00','2026-06-28T18:51:13.504608+00:00');
INSERT INTO "problem" VALUES(8,1,'give the exact value',NULL,NULL,NULL,'\cos\left(\tfrac{\pi}{3}\right)',NULL,NULL,'\frac{1}{2}','sympy','claude','sympy','approved',0,'easy',0,0,1,'2026-06-28T18:44:21.180439+00:00','2026-06-28T18:51:13.504608+00:00');
INSERT INTO "problem" VALUES(9,1,'give the exact value',NULL,NULL,NULL,'\sin\left(\tfrac{\pi}{2}\right)',NULL,NULL,'1','sympy','claude','sympy','approved',0,'easy',0,0,1,'2026-06-28T18:44:21.180444+00:00','2026-06-28T18:51:13.504608+00:00');
INSERT INTO "problem" VALUES(10,1,'give the exact value',NULL,NULL,NULL,'\cos\left(\tfrac{\pi}{2}\right)',NULL,NULL,'0','sympy','claude','sympy','approved',0,'easy',0,0,1,'2026-06-28T18:44:21.180450+00:00','2026-06-28T18:51:13.504608+00:00');
INSERT INTO "problem" VALUES(11,1,'give the exact value',NULL,NULL,NULL,'\tan\left(\tfrac{\pi}{4}\right)',NULL,NULL,'1','sympy','claude','sympy','approved',0,'easy',0,0,0,'2026-06-28T18:44:21.180455+00:00','2026-06-28T18:51:13.504608+00:00');
INSERT INTO "problem" VALUES(12,1,'give the exact value',NULL,NULL,NULL,'\tan\left(\tfrac{\pi}{3}\right)',NULL,NULL,'\sqrt{3}','sympy','claude','sympy','approved',0,'easy',0,0,0,'2026-06-28T18:44:21.180461+00:00','2026-06-28T18:51:13.504608+00:00');
INSERT INTO "problem" VALUES(13,1,'give the exact value',NULL,NULL,NULL,'\sin(\pi)',NULL,NULL,'0','sympy','claude','sympy','approved',0,'easy',0,0,1,'2026-06-28T18:44:21.180465+00:00','2026-06-28T18:51:13.504608+00:00');
INSERT INTO "problem" VALUES(14,1,'give the exact value',NULL,NULL,NULL,'\cos(\pi)',NULL,NULL,'-1','sympy','claude','sympy','approved',0,'easy',0,0,1,'2026-06-28T18:44:21.180470+00:00','2026-06-28T18:51:13.504608+00:00');
INSERT INTO "problem" VALUES(15,1,'give the exact value',NULL,NULL,NULL,'\tan\left(\tfrac{\pi}{2}\right)',NULL,NULL,'\text{undefined}','sympy','claude','sympy','approved',1,'easy',0,0,0,'2026-06-28T18:44:21.180477+00:00','2026-06-28T18:51:13.504608+00:00');
INSERT INTO "problem" VALUES(16,2,'give the exact value',NULL,NULL,NULL,'\ln(1)',NULL,NULL,'0','sympy','claude','sympy','approved',0,'easy',0,1,0,'2026-06-28T18:44:21.187994+00:00','2026-06-28T18:51:12.776018+00:00');
INSERT INTO "problem" VALUES(17,2,'give the exact value',NULL,NULL,NULL,'\ln(e)',NULL,NULL,'1','sympy','claude','sympy','approved',0,'easy',1,1,0,'2026-06-28T18:44:21.188025+00:00','2026-06-28T18:51:12.776018+00:00');
INSERT INTO "problem" VALUES(18,2,'give the exact value',NULL,NULL,NULL,'\ln(e^2)',NULL,NULL,'2','sympy','claude','sympy','approved',0,'medium',1,1,0,'2026-06-28T18:44:21.188033+00:00','2026-06-28T18:51:12.776018+00:00');
INSERT INTO "problem" VALUES(19,2,'give the exact value',NULL,NULL,NULL,'\ln(e^5)',NULL,NULL,'5','sympy','claude','sympy','approved',0,'medium',1,1,0,'2026-06-28T18:44:21.188038+00:00','2026-06-28T18:51:12.776018+00:00');
INSERT INTO "problem" VALUES(20,2,'give the exact value',NULL,NULL,NULL,'e^0',NULL,NULL,'1','sympy','claude','sympy','approved',0,'medium',1,0,0,'2026-06-28T18:44:21.188043+00:00','2026-06-28T18:51:12.776018+00:00');
INSERT INTO "problem" VALUES(21,2,'give the exact value',NULL,NULL,NULL,'\ln\left(\tfrac{1}{e}\right)',NULL,NULL,'-1','sympy','claude','sympy','approved',0,'medium',1,1,0,'2026-06-28T18:44:21.188048+00:00','2026-06-28T18:51:12.776018+00:00');
INSERT INTO "problem" VALUES(22,2,'give the exact value',NULL,NULL,NULL,'\log_{2}(8)',NULL,NULL,'3','sympy','claude','sympy','approved',0,'medium',0,0,0,'2026-06-28T18:44:21.188054+00:00','2026-06-28T18:51:12.776018+00:00');
INSERT INTO "problem" VALUES(23,2,'give the exact value',NULL,NULL,NULL,'\log_{10}(1000)',NULL,NULL,'3','sympy','claude','sympy','approved',0,'medium',0,0,0,'2026-06-28T18:44:21.188059+00:00','2026-06-28T18:51:12.776018+00:00');
INSERT INTO "problem" VALUES(24,2,'give the exact value',NULL,NULL,NULL,'e^{\ln 7}',NULL,NULL,'7','sympy','claude','sympy','approved',0,'medium',1,1,0,'2026-06-28T18:44:21.188064+00:00','2026-06-28T18:51:12.776018+00:00');
INSERT INTO "problem" VALUES(25,2,'give the exact value',NULL,NULL,NULL,'\ln(0^+)',NULL,NULL,'-\infty','sympy','claude','sympy','approved',1,'medium',0,1,0,'2026-06-28T18:44:21.188069+00:00','2026-06-28T18:51:12.776018+00:00');
INSERT INTO "problem" VALUES(26,3,'give the exact value',NULL,NULL,NULL,'e',NULL,NULL,'\approx 2.7183','sympy','claude','sympy','approved',0,'medium',1,0,0,'2026-06-28T18:44:21.190535+00:00','2026-06-28T18:51:09.679510+00:00');
INSERT INTO "problem" VALUES(27,3,'give the exact value',NULL,NULL,NULL,'\pi',NULL,NULL,'\approx 3.1416','sympy','claude','sympy','approved',0,'medium',0,0,0,'2026-06-28T18:44:21.190564+00:00','2026-06-28T18:51:09.679510+00:00');
INSERT INTO "problem" VALUES(28,3,'give the exact value',NULL,NULL,NULL,'0!',NULL,NULL,'1','sympy','claude','sympy','approved',0,'medium',0,0,0,'2026-06-28T18:44:21.190571+00:00','2026-06-28T18:51:09.679510+00:00');
INSERT INTO "problem" VALUES(29,3,'give the exact value',NULL,NULL,NULL,'5!',NULL,NULL,'120','sympy','claude','sympy','approved',0,'easy',0,0,0,'2026-06-28T18:44:21.190576+00:00','2026-06-28T18:51:09.679510+00:00');
INSERT INTO "problem" VALUES(30,3,'give the exact value',NULL,NULL,NULL,'\sqrt{2}',NULL,NULL,'\approx 1.4142','sympy','claude','sympy','approved',0,'medium',0,0,0,'2026-06-28T18:44:21.190582+00:00','2026-06-28T18:51:09.679510+00:00');
INSERT INTO "problem" VALUES(31,3,'give the exact value',NULL,NULL,NULL,'x^0',NULL,NULL,'1','sympy','claude','sympy','approved',1,'medium',0,0,0,'2026-06-28T18:44:21.190587+00:00','2026-06-28T18:51:09.679510+00:00');
INSERT INTO "problem" VALUES(32,3,'give the exact value',NULL,NULL,NULL,'i^2',NULL,NULL,'-1','sympy','claude','sympy','approved',0,'medium',0,0,0,'2026-06-28T18:44:21.190592+00:00','2026-06-28T18:51:09.679510+00:00');
INSERT INTO "problem" VALUES(33,4,'simplify',NULL,NULL,NULL,'2^a \cdot 2^b',NULL,NULL,'2^{a + b}','sympy','claude','sympy','approved',0,'easy',0,0,0,'2026-06-28T18:44:21.228829+00:00','2026-06-28T18:51:17.490913+00:00');
INSERT INTO "problem" VALUES(34,4,'simplify',NULL,NULL,NULL,'\frac{x^a}{x^b}',NULL,NULL,'x^{a - b}','sympy','claude','sympy','approved',0,'easy',0,0,0,'2026-06-28T18:44:21.228875+00:00','2026-06-28T18:51:17.490913+00:00');
INSERT INTO "problem" VALUES(35,4,'simplify',NULL,NULL,NULL,'(x^a)^b',NULL,NULL,'x^{a b}','sympy','claude','sympy','approved',0,'easy',0,0,0,'2026-06-28T18:44:21.228883+00:00','2026-06-28T18:51:17.490913+00:00');
INSERT INTO "problem" VALUES(36,4,'simplify',NULL,NULL,NULL,'(xy)^a',NULL,NULL,'x^{a} y^{a}','sympy','claude','sympy','approved',0,'easy',0,0,0,'2026-06-28T18:44:21.228893+00:00','2026-06-28T18:51:17.490913+00:00');
INSERT INTO "problem" VALUES(37,4,'simplify',NULL,NULL,NULL,'\ln(ab)',NULL,NULL,'\ln{\left(a \right)} + \ln{\left(b \right)}','sympy','claude','sympy','approved',0,'easy',0,1,0,'2026-06-28T18:44:21.228899+00:00','2026-06-28T18:51:17.490913+00:00');
INSERT INTO "problem" VALUES(38,4,'simplify',NULL,NULL,NULL,'\ln\left(\tfrac{a}{b}\right)',NULL,NULL,'\ln{\left(a \right)} - \ln{\left(b \right)}','sympy','claude','sympy','approved',0,'easy',0,1,0,'2026-06-28T18:44:21.228906+00:00','2026-06-28T18:51:17.490913+00:00');
INSERT INTO "problem" VALUES(39,4,'simplify',NULL,NULL,NULL,'\ln(a^b)',NULL,NULL,'b \ln{\left(a \right)}','sympy','claude','sympy','approved',0,'easy',0,1,0,'2026-06-28T18:44:21.228912+00:00','2026-06-28T18:51:17.490913+00:00');
INSERT INTO "problem" VALUES(40,4,'simplify',NULL,NULL,NULL,'x^{-a}',NULL,NULL,'x^{- a}','sympy','claude','sympy','approved',0,'easy',0,0,0,'2026-06-28T18:44:21.228917+00:00','2026-06-28T18:51:17.490913+00:00');
INSERT INTO "problem" VALUES(41,4,'simplify',NULL,NULL,NULL,'x^{1/2}',NULL,NULL,'\sqrt{x}','sympy','claude','sympy','approved',0,'easy',0,0,0,'2026-06-28T18:44:21.228922+00:00','2026-06-28T18:51:17.490913+00:00');
INSERT INTO "problem" VALUES(42,4,'simplify',NULL,NULL,NULL,'e^{a}e^{b}',NULL,NULL,'e^{a + b}','sympy','claude','sympy','approved',0,'easy',1,0,0,'2026-06-28T18:44:21.228927+00:00','2026-06-28T18:51:17.490913+00:00');
INSERT INTO "problem" VALUES(43,5,'factor',NULL,NULL,NULL,'x^{2} - 1',NULL,NULL,'\left(x - 1\right) \left(x + 1\right)','sympy','claude','sympy','approved',0,'easy',0,0,0,'2026-06-28T18:44:21.254725+00:00','2026-06-28T18:51:15.810410+00:00');
INSERT INTO "problem" VALUES(44,5,'factor',NULL,NULL,NULL,'x^{2} - 9',NULL,NULL,'\left(x - 3\right) \left(x + 3\right)','sympy','claude','sympy','approved',0,'easy',0,0,0,'2026-06-28T18:44:21.254759+00:00','2026-06-28T18:51:15.810410+00:00');
INSERT INTO "problem" VALUES(45,5,'factor',NULL,NULL,NULL,'x^{2} - y^{2}',NULL,NULL,'\left(x - y\right) \left(x + y\right)','sympy','claude','sympy','approved',0,'medium',0,0,0,'2026-06-28T18:44:21.254768+00:00','2026-06-28T18:51:15.810410+00:00');
INSERT INTO "problem" VALUES(46,5,'factor',NULL,NULL,NULL,'x^{3} - 8',NULL,NULL,'\left(x - 2\right) \left(x^{2} + 2 x + 4\right)','sympy','claude','sympy','approved',0,'medium',0,0,0,'2026-06-28T18:44:21.254775+00:00','2026-06-28T18:51:15.810410+00:00');
INSERT INTO "problem" VALUES(47,5,'factor',NULL,NULL,NULL,'x^{3} + 27',NULL,NULL,'\left(x + 3\right) \left(x^{2} - 3 x + 9\right)','sympy','claude','sympy','approved',0,'medium',0,0,0,'2026-06-28T18:44:21.254781+00:00','2026-06-28T18:51:15.810410+00:00');
INSERT INTO "problem" VALUES(48,5,'factor',NULL,NULL,NULL,'x^{3} - y^{3}',NULL,NULL,'\left(x - y\right) \left(x^{2} + x y + y^{2}\right)','sympy','claude','sympy','approved',0,'medium',0,0,0,'2026-06-28T18:44:21.254788+00:00','2026-06-28T18:51:15.810410+00:00');
INSERT INTO "problem" VALUES(49,5,'factor',NULL,NULL,NULL,'x^{3} + y^{3}',NULL,NULL,'\left(x + y\right) \left(x^{2} - x y + y^{2}\right)','sympy','claude','sympy','approved',0,'medium',0,0,0,'2026-06-28T18:44:21.254795+00:00','2026-06-28T18:51:15.810410+00:00');
INSERT INTO "problem" VALUES(50,5,'factor',NULL,NULL,NULL,'x^{2} + 6 x + 9',NULL,NULL,'\left(x + 3\right)^{2}','sympy','claude','sympy','approved',0,'easy',0,0,0,'2026-06-28T18:44:21.254800+00:00','2026-06-28T18:51:15.810410+00:00');
INSERT INTO "problem" VALUES(51,5,'factor',NULL,NULL,NULL,'x^{2} + 5 x + 6',NULL,NULL,'\left(x + 2\right) \left(x + 3\right)','sympy','claude','sympy','approved',0,'medium',0,0,0,'2026-06-28T18:44:21.254806+00:00','2026-06-28T18:51:15.810410+00:00');
INSERT INTO "problem" VALUES(52,5,'factor',NULL,NULL,NULL,'x^{2} - 7 x + 12',NULL,NULL,'\left(x - 4\right) \left(x - 3\right)','sympy','claude','sympy','approved',0,'medium',0,0,0,'2026-06-28T18:44:21.254812+00:00','2026-06-28T18:51:15.810410+00:00');
INSERT INTO "problem" VALUES(53,5,'factor',NULL,NULL,NULL,'2 x^{2} + 7 x + 3',NULL,NULL,'\left(x + 3\right) \left(2 x + 1\right)','sympy','claude','sympy','approved',0,'medium',0,0,0,'2026-06-28T18:44:21.254818+00:00','2026-06-28T18:51:15.810410+00:00');
INSERT INTO "problem" VALUES(54,5,'factor',NULL,NULL,NULL,'x^{4} - 16',NULL,NULL,'\left(x - 2\right) \left(x + 2\right) \left(x^{2} + 4\right)','sympy','claude','sympy','approved',0,'medium',0,0,0,'2026-06-28T18:44:21.254825+00:00','2026-06-28T18:51:15.810410+00:00');
INSERT INTO "problem" VALUES(55,5,'factor',NULL,NULL,NULL,'x^{4} - 1',NULL,NULL,'\left(x - 1\right) \left(x + 1\right) \left(x^{2} + 1\right)','sympy','claude','sympy','approved',0,'medium',0,0,0,'2026-06-28T18:44:21.254831+00:00','2026-06-28T18:51:15.810410+00:00');
INSERT INTO "problem" VALUES(56,5,'factor',NULL,NULL,NULL,'x^{3} - 6 x^{2} + 11 x - 6',NULL,NULL,'\left(x - 3\right) \left(x - 2\right) \left(x - 1\right)','sympy','claude','sympy','approved',0,'hard',0,0,0,'2026-06-28T18:44:21.254838+00:00','2026-06-28T18:51:15.810410+00:00');
INSERT INTO "problem" VALUES(57,5,'factor',NULL,NULL,NULL,'x^{2} + 1',NULL,NULL,'x^{2} + 1\quad \text{(irreducible over } \mathbb{Q}\text{)}','sympy','claude','sympy','approved',1,'medium',0,0,0,'2026-06-28T18:44:21.254844+00:00','2026-06-28T18:51:15.810410+00:00');
INSERT INTO "problem" VALUES(58,5,'factor',NULL,NULL,NULL,'x^{2} + x + 1',NULL,NULL,'x^{2} + x + 1\quad \text{(irreducible over } \mathbb{Q}\text{)}','sympy','claude','sympy','approved',1,'medium',0,0,0,'2026-06-28T18:44:21.254851+00:00','2026-06-28T18:51:15.810410+00:00');
INSERT INTO "problem" VALUES(59,6,'complete the square',NULL,NULL,NULL,'x^{2} + 6 x + 5',NULL,NULL,'\left(x + 3\right)^{2} - 4','sympy','claude','sympy','approved',0,'easy',0,0,0,'2026-06-28T18:44:21.268292+00:00','2026-06-28T18:51:27.346043+00:00');
INSERT INTO "problem" VALUES(60,6,'complete the square',NULL,NULL,NULL,'x^{2} - 4 x + 1',NULL,NULL,'\left(x - 2\right)^{2} - 3','sympy','claude','sympy','approved',0,'medium',0,0,0,'2026-06-28T18:44:21.268324+00:00','2026-06-28T18:51:27.346043+00:00');
INSERT INTO "problem" VALUES(61,6,'complete the square',NULL,NULL,NULL,'x^{2} + 2 x + 5',NULL,NULL,'\left(x + 1\right)^{2} + 4','sympy','claude','sympy','approved',0,'medium',0,0,0,'2026-06-28T18:44:21.268332+00:00','2026-06-28T18:51:27.346043+00:00');
INSERT INTO "problem" VALUES(62,6,'complete the square',NULL,NULL,NULL,'x^{2} - 10 x + 21',NULL,NULL,'\left(x - 5\right)^{2} - 4','sympy','claude','sympy','approved',0,'medium',0,0,0,'2026-06-28T18:44:21.268363+00:00','2026-06-28T18:51:27.346043+00:00');
INSERT INTO "problem" VALUES(63,6,'complete the square',NULL,NULL,NULL,'2 x^{2} + 8 x + 3',NULL,NULL,'2 \left(x + 2\right)^{2} - 5','sympy','claude','sympy','approved',0,'medium',0,0,0,'2026-06-28T18:44:21.268370+00:00','2026-06-28T18:51:27.346043+00:00');
INSERT INTO "problem" VALUES(64,6,'complete the square',NULL,NULL,NULL,'3 x^{2} - 12 x + 7',NULL,NULL,'3 \left(x - 2\right)^{2} - 5','sympy','claude','sympy','approved',0,'medium',0,0,0,'2026-06-28T18:44:21.268376+00:00','2026-06-28T18:51:27.346043+00:00');
INSERT INTO "problem" VALUES(65,6,'complete the square',NULL,NULL,NULL,'x^{2} + x + 1',NULL,NULL,'\left(x + \frac{1}{2}\right)^{2} + \frac{3}{4}','sympy','claude','sympy','approved',0,'medium',0,0,0,'2026-06-28T18:44:21.268382+00:00','2026-06-28T18:51:27.346043+00:00');
INSERT INTO "problem" VALUES(66,6,'complete the square',NULL,NULL,NULL,'x^{2} - 5 x + 2',NULL,NULL,'\left(x - \frac{5}{2}\right)^{2} - \frac{17}{4}','sympy','claude','sympy','approved',0,'medium',0,0,0,'2026-06-28T18:44:21.268388+00:00','2026-06-28T18:51:27.346043+00:00');
INSERT INTO "problem" VALUES(67,6,'complete the square',NULL,NULL,NULL,'4 x^{2} + 4 x - 3',NULL,NULL,'4 \left(x + \frac{1}{2}\right)^{2} - 4','sympy','claude','sympy','approved',0,'hard',0,0,0,'2026-06-28T18:44:21.268394+00:00','2026-06-28T18:51:27.346043+00:00');
INSERT INTO "problem" VALUES(68,6,'complete the square',NULL,NULL,NULL,'x^{2} - 8 x',NULL,NULL,'\left(x - 4\right)^{2} - 16','sympy','claude','sympy','approved',0,'medium',0,0,0,'2026-06-28T18:44:21.268400+00:00','2026-06-28T18:51:27.346043+00:00');
INSERT INTO "problem" VALUES(69,7,'decompose into partial fractions',NULL,NULL,NULL,'\frac{1}{x^{2} - 1}',NULL,NULL,'- \frac{1}{2 \left(x + 1\right)} + \frac{1}{2 \left(x - 1\right)}','sympy','claude','sympy','approved',0,'medium',0,0,0,'2026-06-28T18:44:21.423946+00:00','2026-06-28T18:51:25.969772+00:00');
INSERT INTO "problem" VALUES(70,7,'decompose into partial fractions',NULL,NULL,NULL,'\frac{1}{x \left(x + 1\right)}',NULL,NULL,'- \frac{1}{x + 1} + \frac{1}{x}','sympy','claude','sympy','approved',0,'medium',0,0,0,'2026-06-28T18:44:21.423980+00:00','2026-06-28T18:51:25.969772+00:00');
INSERT INTO "problem" VALUES(71,7,'decompose into partial fractions',NULL,NULL,NULL,'\frac{x + 1}{x^{2} - x - 2}',NULL,NULL,'\frac{1}{x - 2}','sympy','claude','sympy','approved',0,'medium',0,0,0,'2026-06-28T18:44:21.423989+00:00','2026-06-28T18:51:25.969772+00:00');
INSERT INTO "problem" VALUES(72,7,'decompose into partial fractions',NULL,NULL,NULL,'\frac{1}{x^{2} - 4}',NULL,NULL,'- \frac{1}{4 \left(x + 2\right)} + \frac{1}{4 \left(x - 2\right)}','sympy','claude','sympy','approved',0,'medium',0,0,0,'2026-06-28T18:44:21.423996+00:00','2026-06-28T18:51:25.969772+00:00');
INSERT INTO "problem" VALUES(73,7,'decompose into partial fractions',NULL,NULL,NULL,'\frac{x}{\left(x - 2\right) \left(x - 1\right)}',NULL,NULL,'- \frac{1}{x - 1} + \frac{2}{x - 2}','sympy','claude','sympy','approved',0,'medium',0,0,0,'2026-06-28T18:44:21.424003+00:00','2026-06-28T18:51:25.969772+00:00');
INSERT INTO "problem" VALUES(74,7,'decompose into partial fractions',NULL,NULL,NULL,'\frac{1}{\left(x + 1\right) \left(x + 2\right) \left(x + 3\right)}',NULL,NULL,'\frac{1}{2 \left(x + 3\right)} - \frac{1}{x + 2} + \frac{1}{2 \left(x + 1\right)}','sympy','claude','sympy','approved',0,'medium',0,0,0,'2026-06-28T18:44:21.424011+00:00','2026-06-28T18:51:25.969772+00:00');
INSERT INTO "problem" VALUES(75,7,'decompose into partial fractions',NULL,NULL,NULL,'\frac{2 x + 3}{x^{2} + 3 x + 2}',NULL,NULL,'\frac{1}{x + 2} + \frac{1}{x + 1}','sympy','claude','sympy','approved',0,'medium',0,0,0,'2026-06-28T18:44:21.424018+00:00','2026-06-28T18:51:25.969772+00:00');
INSERT INTO "problem" VALUES(76,7,'decompose into partial fractions',NULL,NULL,NULL,'\frac{1}{x^{2} + x}',NULL,NULL,'- \frac{1}{x + 1} + \frac{1}{x}','sympy','claude','sympy','approved',0,'medium',0,0,0,'2026-06-28T18:44:21.424024+00:00','2026-06-28T18:51:25.969772+00:00');
INSERT INTO "problem" VALUES(77,7,'decompose into partial fractions',NULL,NULL,NULL,'\frac{x^{2} + 1}{x \left(x - 1\right) \left(x + 1\right)}',NULL,NULL,'\frac{1}{x + 1} + \frac{1}{x - 1} - \frac{1}{x}','sympy','claude','sympy','approved',0,'hard',0,0,0,'2026-06-28T18:44:21.424031+00:00','2026-06-28T18:51:25.969772+00:00');
INSERT INTO "problem" VALUES(78,7,'decompose into partial fractions',NULL,NULL,NULL,'\frac{3}{x^{2} - 9}',NULL,NULL,'- \frac{1}{2 \left(x + 3\right)} + \frac{1}{2 \left(x - 3\right)}','sympy','claude','sympy','approved',0,'medium',0,0,0,'2026-06-28T18:44:21.424038+00:00','2026-06-28T18:51:25.969772+00:00');
INSERT INTO "problem" VALUES(79,8,'evaluate the binomial coefficient',NULL,NULL,NULL,'\binom{5}{2}',NULL,NULL,'10','sympy','claude','sympy','approved',0,'easy',0,0,0,'2026-06-28T18:44:21.429654+00:00','2026-06-28T18:51:25.211334+00:00');
INSERT INTO "problem" VALUES(80,8,'evaluate the binomial coefficient',NULL,NULL,NULL,'\binom{6}{3}',NULL,NULL,'20','sympy','claude','sympy','approved',0,'easy',0,0,0,'2026-06-28T18:44:21.429682+00:00','2026-06-28T18:51:25.211334+00:00');
INSERT INTO "problem" VALUES(81,8,'evaluate the binomial coefficient',NULL,NULL,NULL,'\binom{10}{4}',NULL,NULL,'210','sympy','claude','sympy','approved',0,'easy',0,0,0,'2026-06-28T18:44:21.429692+00:00','2026-06-28T18:51:25.211334+00:00');
INSERT INTO "problem" VALUES(82,8,'evaluate the binomial coefficient',NULL,NULL,NULL,'\binom{8}{0}',NULL,NULL,'1','sympy','claude','sympy','approved',0,'easy',0,0,0,'2026-06-28T18:44:21.429697+00:00','2026-06-28T18:51:25.211334+00:00');
INSERT INTO "problem" VALUES(83,8,'evaluate the binomial coefficient',NULL,NULL,NULL,'\binom{8}{8}',NULL,NULL,'1','sympy','claude','sympy','approved',0,'easy',0,0,0,'2026-06-28T18:44:21.429702+00:00','2026-06-28T18:51:25.211334+00:00');
INSERT INTO "problem" VALUES(84,8,'evaluate the binomial coefficient',NULL,NULL,NULL,'\binom{7}{1}',NULL,NULL,'7','sympy','claude','sympy','approved',0,'easy',0,0,0,'2026-06-28T18:44:21.429707+00:00','2026-06-28T18:51:25.211334+00:00');
INSERT INTO "problem" VALUES(85,8,'evaluate the binomial coefficient',NULL,NULL,NULL,'\binom{9}{5}',NULL,NULL,'126','sympy','claude','sympy','approved',0,'easy',0,0,0,'2026-06-28T18:44:21.429712+00:00','2026-06-28T18:51:25.211334+00:00');
INSERT INTO "problem" VALUES(86,8,'evaluate the binomial coefficient',NULL,NULL,NULL,'\binom{12}{6}',NULL,NULL,'924','sympy','claude','sympy','approved',0,'easy',0,0,0,'2026-06-28T18:44:21.429736+00:00','2026-06-28T18:51:25.211334+00:00');
INSERT INTO "problem" VALUES(87,8,'evaluate the binomial coefficient',NULL,NULL,NULL,'\binom{10}{3}',NULL,NULL,'120','sympy','claude','sympy','approved',0,'easy',0,0,0,'2026-06-28T18:44:21.429742+00:00','2026-06-28T18:51:25.211334+00:00');
INSERT INTO "problem" VALUES(88,8,'evaluate the binomial coefficient',NULL,NULL,NULL,'\binom{15}{2}',NULL,NULL,'105','sympy','claude','sympy','approved',0,'easy',0,0,0,'2026-06-28T18:44:21.429746+00:00','2026-06-28T18:51:25.211334+00:00');
INSERT INTO "problem" VALUES(89,8,'evaluate the binomial coefficient',NULL,NULL,NULL,'\binom{4}{7}',NULL,NULL,'0','sympy','claude','sympy','approved',1,'easy',0,0,0,'2026-06-28T18:44:21.429751+00:00','2026-06-28T18:51:25.211334+00:00');
INSERT INTO "problem" VALUES(90,8,'evaluate the binomial coefficient',NULL,NULL,NULL,'\binom{6}{0}',NULL,NULL,'1','sympy','claude','sympy','approved',1,'easy',0,0,0,'2026-06-28T18:44:21.429756+00:00','2026-06-28T18:51:25.211334+00:00');
INSERT INTO "problem" VALUES(91,9,'differentiate',NULL,NULL,NULL,'\frac{d}{dx}\left(x^{3}\right)',NULL,NULL,'3 x^{2}','sympy','claude','sympy','approved',0,'easy',0,0,0,'2026-06-28T18:44:21.461708+00:00','2026-06-28T18:49:29.471580+00:00');
INSERT INTO "problem" VALUES(92,9,'differentiate',NULL,NULL,NULL,'\frac{d}{dx}\left(x^{5} - 2 x^{2} + 7\right)',NULL,NULL,'x \left(5 x^{3} - 4\right)','sympy','claude','sympy','approved',0,'easy',0,0,0,'2026-06-28T18:44:21.461740+00:00','2026-06-28T18:49:29.471580+00:00');
INSERT INTO "problem" VALUES(93,9,'differentiate',NULL,NULL,NULL,'\frac{d}{dx}\left(\sqrt{x}\right)',NULL,NULL,'\frac{1}{2 \sqrt{x}}','sympy','claude','sympy','approved',0,'easy',0,0,0,'2026-06-28T18:44:21.461748+00:00','2026-06-28T18:49:29.471580+00:00');
INSERT INTO "problem" VALUES(94,9,'differentiate',NULL,NULL,NULL,'\frac{d}{dx}\left(\frac{1}{x}\right)',NULL,NULL,'- \frac{1}{x^{2}}','sympy','claude','sympy','approved',0,'easy',0,0,0,'2026-06-28T18:44:21.461754+00:00','2026-06-28T18:49:29.471580+00:00');
INSERT INTO "problem" VALUES(95,9,'differentiate',NULL,NULL,NULL,'\frac{d}{dx}\left(x^{\frac{2}{3}}\right)',NULL,NULL,'\frac{2}{3 \sqrt[3]{x}}','sympy','claude','sympy','approved',0,'easy',0,0,0,'2026-06-28T18:44:21.461761+00:00','2026-06-28T18:49:29.471580+00:00');
INSERT INTO "problem" VALUES(96,9,'differentiate',NULL,NULL,NULL,'\frac{d}{dx}\left(3 x^{4} - x\right)',NULL,NULL,'12 x^{3} - 1','sympy','claude','sympy','approved',0,'easy',0,0,0,'2026-06-28T18:44:21.461766+00:00','2026-06-28T18:49:29.471580+00:00');
INSERT INTO "problem" VALUES(97,9,'differentiate',NULL,NULL,NULL,'\frac{d}{dx}\left(x^{2} + 1\right)',NULL,NULL,'2 x','sympy','claude','sympy','approved',0,'easy',0,0,0,'2026-06-28T18:44:21.461772+00:00','2026-06-28T18:49:29.471580+00:00');
INSERT INTO "problem" VALUES(98,9,'differentiate',NULL,NULL,NULL,'\frac{d}{dx}\left(2 x + 1\right)',NULL,NULL,'2','sympy','claude','sympy','approved',0,'easy',0,0,0,'2026-06-28T18:44:21.461777+00:00','2026-06-28T18:49:29.471580+00:00');
INSERT INTO "problem" VALUES(99,9,'differentiate',NULL,NULL,NULL,'\frac{d}{dx}\left(x + \frac{1}{x}\right)',NULL,NULL,'\frac{x^{2} - 1}{x^{2}}','sympy','claude','sympy','approved',0,'easy',0,0,0,'2026-06-28T18:44:21.461784+00:00','2026-06-28T18:49:29.471580+00:00');
INSERT INTO "problem" VALUES(100,9,'differentiate',NULL,NULL,NULL,'\frac{d}{dx}\left(\frac{1}{x^{2}}\right)',NULL,NULL,'- \frac{2}{x^{3}}','sympy','claude','sympy','approved',0,'easy',0,0,0,'2026-06-28T18:44:21.461790+00:00','2026-06-28T18:49:29.471580+00:00');
INSERT INTO "problem" VALUES(101,10,'differentiate',NULL,NULL,NULL,'\frac{d}{dx}\left(x^{2} \sin{\left(x \right)}\right)',NULL,NULL,'x \left(x \cos{\left(x \right)} + 2 \sin{\left(x \right)}\right)','sympy','claude','sympy','approved',0,'medium',0,0,1,'2026-06-28T18:44:21.604363+00:00','2026-06-28T18:49:30.361098+00:00');
INSERT INTO "problem" VALUES(102,10,'differentiate',NULL,NULL,NULL,'\frac{d}{dx}\left(x e^{x}\right)',NULL,NULL,'\left(x + 1\right) e^{x}','sympy','claude','sympy','approved',0,'medium',1,0,0,'2026-06-28T18:44:21.604397+00:00','2026-06-28T18:49:30.361098+00:00');
INSERT INTO "problem" VALUES(103,10,'differentiate',NULL,NULL,NULL,'\frac{d}{dx}\left(x^{3} \cos{\left(x \right)}\right)',NULL,NULL,'x^{2} \left(- x \sin{\left(x \right)} + 3 \cos{\left(x \right)}\right)','sympy','claude','sympy','approved',0,'medium',0,0,1,'2026-06-28T18:44:21.604408+00:00','2026-06-28T18:49:30.361098+00:00');
INSERT INTO "problem" VALUES(104,10,'differentiate',NULL,NULL,NULL,'\frac{d}{dx}\left(e^{x} \sin{\left(x \right)}\right)',NULL,NULL,'\sqrt{2} e^{x} \sin{\left(x + \frac{\pi}{4} \right)}','sympy','claude','sympy','approved',0,'medium',1,0,1,'2026-06-28T18:44:21.604413+00:00','2026-06-28T18:49:30.361098+00:00');
INSERT INTO "problem" VALUES(105,10,'differentiate',NULL,NULL,NULL,'\frac{d}{dx}\left(x \ln{\left(x \right)}\right)',NULL,NULL,'\ln{\left(x \right)} + 1','sympy','claude','sympy','approved',0,'medium',0,1,0,'2026-06-28T18:44:21.604420+00:00','2026-06-28T18:49:30.361098+00:00');
INSERT INTO "problem" VALUES(106,10,'differentiate',NULL,NULL,NULL,'\frac{d}{dx}\left(x^{2} e^{x}\right)',NULL,NULL,'x \left(x + 2\right) e^{x}','sympy','claude','sympy','approved',0,'medium',1,0,0,'2026-06-28T18:44:21.604426+00:00','2026-06-28T18:49:30.361098+00:00');
INSERT INTO "problem" VALUES(107,10,'differentiate',NULL,NULL,NULL,'\frac{d}{dx}\left(\sin{\left(x \right)} \cos{\left(x \right)}\right)',NULL,NULL,'\cos{\left(2 x \right)}','sympy','claude','sympy','approved',0,'medium',0,0,1,'2026-06-28T18:44:21.604432+00:00','2026-06-28T18:49:30.361098+00:00');
INSERT INTO "problem" VALUES(108,10,'differentiate',NULL,NULL,NULL,'\frac{d}{dx}\left(\left(x + 1\right) e^{x}\right)',NULL,NULL,'\left(x + 2\right) e^{x}','sympy','claude','sympy','approved',0,'medium',1,0,0,'2026-06-28T18:44:21.604438+00:00','2026-06-28T18:49:30.361098+00:00');
INSERT INTO "problem" VALUES(109,10,'differentiate',NULL,NULL,NULL,'\frac{d}{dx}\left(x \sin{\left(x \right)} \cos{\left(x \right)}\right)',NULL,NULL,'x \cos{\left(2 x \right)} + \frac{\sin{\left(2 x \right)}}{2}','sympy','claude','sympy','approved',0,'medium',0,0,1,'2026-06-28T18:44:21.604445+00:00','2026-06-28T18:49:30.361098+00:00');
INSERT INTO "problem" VALUES(110,10,'differentiate',NULL,NULL,NULL,'\frac{d}{dx}\left(x^{2} \ln{\left(x \right)} \sin{\left(x \right)}\right)',NULL,NULL,'x \left(x \ln{\left(x \right)} \cos{\left(x \right)} + 2 \ln{\left(x \right)} \sin{\left(x \right)} + \sin{\left(x \right)}\right)','sympy','claude','sympy','approved',0,'hard',0,1,1,'2026-06-28T18:44:21.604455+00:00','2026-06-28T18:49:30.361098+00:00');
INSERT INTO "problem" VALUES(111,11,'differentiate',NULL,NULL,NULL,'\frac{d}{dx}\left(\frac{x}{x^{2} + 1}\right)',NULL,NULL,'\frac{1 - x^{2}}{\left(x^{2} + 1\right)^{2}}','sympy','claude','sympy','approved',0,'medium',0,0,0,'2026-06-28T18:44:21.740182+00:00','2026-06-28T18:49:31.379737+00:00');
INSERT INTO "problem" VALUES(112,11,'differentiate',NULL,NULL,NULL,'\frac{d}{dx}\left(\frac{\sin{\left(x \right)}}{x}\right)',NULL,NULL,'\frac{x \cos{\left(x \right)} - \sin{\left(x \right)}}{x^{2}}','sympy','claude','sympy','approved',0,'medium',0,0,1,'2026-06-28T18:44:21.740217+00:00','2026-06-28T18:49:31.379737+00:00');
INSERT INTO "problem" VALUES(113,11,'differentiate',NULL,NULL,NULL,'\frac{d}{dx}\left(\frac{e^{x}}{x}\right)',NULL,NULL,'\frac{\left(x - 1\right) e^{x}}{x^{2}}','sympy','claude','sympy','approved',0,'medium',1,0,0,'2026-06-28T18:44:21.740226+00:00','2026-06-28T18:49:31.379737+00:00');
INSERT INTO "problem" VALUES(114,11,'differentiate',NULL,NULL,NULL,'\frac{d}{dx}\left(\frac{x + 1}{x - 1}\right)',NULL,NULL,'- \frac{2}{\left(x - 1\right)^{2}}','sympy','claude','sympy','approved',0,'medium',0,0,0,'2026-06-28T18:44:21.740233+00:00','2026-06-28T18:49:31.379737+00:00');
INSERT INTO "problem" VALUES(115,11,'differentiate',NULL,NULL,NULL,'\frac{d}{dx}\left(\frac{x^{2}}{x + 1}\right)',NULL,NULL,'\frac{x^{2} + 2 x}{\left(x + 1\right)^{2}}','sympy','claude','sympy','approved',0,'medium',0,0,0,'2026-06-28T18:44:21.740240+00:00','2026-06-28T18:49:31.379737+00:00');
INSERT INTO "problem" VALUES(116,11,'differentiate',NULL,NULL,NULL,'\frac{d}{dx}\left(\frac{\ln{\left(x \right)}}{x}\right)',NULL,NULL,'\frac{1 - \ln{\left(x \right)}}{x^{2}}','sympy','claude','sympy','approved',0,'medium',0,1,0,'2026-06-28T18:44:21.740248+00:00','2026-06-28T18:49:31.379737+00:00');
INSERT INTO "problem" VALUES(117,11,'differentiate',NULL,NULL,NULL,'\frac{d}{dx}\left(\frac{1}{x^{2} + 1}\right)',NULL,NULL,'- \frac{2 x}{\left(x^{2} + 1\right)^{2}}','sympy','claude','sympy','approved',0,'medium',0,0,0,'2026-06-28T18:44:21.740255+00:00','2026-06-28T18:49:31.379737+00:00');
INSERT INTO "problem" VALUES(118,11,'differentiate',NULL,NULL,NULL,'\frac{d}{dx}\left(\frac{\cos{\left(x \right)}}{\sin{\left(x \right)}}\right)',NULL,NULL,'- \frac{1}{\sin^{2}{\left(x \right)}}','sympy','claude','sympy','approved',0,'medium',0,0,1,'2026-06-28T18:44:21.740263+00:00','2026-06-28T18:49:31.379737+00:00');
INSERT INTO "problem" VALUES(119,11,'differentiate',NULL,NULL,NULL,'\frac{d}{dx}\left(\frac{x^{2} - 1}{x^{2} + 1}\right)',NULL,NULL,'\frac{4 x}{\left(x^{2} + 1\right)^{2}}','sympy','claude','sympy','approved',0,'medium',0,0,0,'2026-06-28T18:44:21.740270+00:00','2026-06-28T18:49:31.379737+00:00');
INSERT INTO "problem" VALUES(120,11,'differentiate',NULL,NULL,NULL,'\frac{d}{dx}\left(\frac{e^{x}}{x^{2} + 1}\right)',NULL,NULL,'\frac{\left(x^{2} - 2 x + 1\right) e^{x}}{\left(x^{2} + 1\right)^{2}}','sympy','claude','sympy','approved',0,'hard',1,0,0,'2026-06-28T18:44:21.740276+00:00','2026-06-28T18:49:31.379737+00:00');
INSERT INTO "problem" VALUES(121,12,'differentiate',NULL,NULL,NULL,'\frac{d}{dx}\left(\sin{\left(x^{2} \right)}\right)',NULL,NULL,'2 x \cos{\left(x^{2} \right)}','sympy','claude','sympy','approved',0,'medium',0,0,1,'2026-06-28T18:44:21.828167+00:00','2026-06-28T18:49:33.095304+00:00');
INSERT INTO "problem" VALUES(122,12,'differentiate',NULL,NULL,NULL,'\frac{d}{dx}\left(e^{3 x}\right)',NULL,NULL,'3 e^{3 x}','sympy','claude','sympy','approved',0,'medium',1,0,0,'2026-06-28T18:44:21.828201+00:00','2026-06-28T18:49:33.095304+00:00');
INSERT INTO "problem" VALUES(123,12,'differentiate',NULL,NULL,NULL,'\frac{d}{dx}\left(\ln{\left(x^{2} + 1 \right)}\right)',NULL,NULL,'\frac{2 x}{x^{2} + 1}','sympy','claude','sympy','approved',0,'medium',0,1,0,'2026-06-28T18:44:21.828210+00:00','2026-06-28T18:49:33.095304+00:00');
INSERT INTO "problem" VALUES(124,12,'differentiate',NULL,NULL,NULL,'\frac{d}{dx}\left(\sqrt{x^{2} + 1}\right)',NULL,NULL,'\frac{x}{\sqrt{x^{2} + 1}}','sympy','claude','sympy','approved',0,'medium',0,0,0,'2026-06-28T18:44:21.828217+00:00','2026-06-28T18:49:33.095304+00:00');
INSERT INTO "problem" VALUES(125,12,'differentiate',NULL,NULL,NULL,'\frac{d}{dx}\left(\left(x^{2} + 1\right)^{5}\right)',NULL,NULL,'10 x \left(x^{2} + 1\right)^{4}','sympy','claude','sympy','approved',0,'medium',0,0,0,'2026-06-28T18:44:21.828224+00:00','2026-06-28T18:49:33.095304+00:00');
INSERT INTO "problem" VALUES(126,12,'differentiate',NULL,NULL,NULL,'\frac{d}{dx}\left(\cos{\left(2 x \right)}\right)',NULL,NULL,'- 2 \sin{\left(2 x \right)}','sympy','claude','sympy','approved',0,'medium',0,0,1,'2026-06-28T18:44:21.828230+00:00','2026-06-28T18:49:33.095304+00:00');
INSERT INTO "problem" VALUES(127,12,'differentiate',NULL,NULL,NULL,'\frac{d}{dx}\left(e^{- x^{2}}\right)',NULL,NULL,'- 2 x e^{- x^{2}}','sympy','claude','sympy','approved',0,'medium',1,0,0,'2026-06-28T18:44:21.828236+00:00','2026-06-28T18:49:33.095304+00:00');
INSERT INTO "problem" VALUES(128,12,'differentiate',NULL,NULL,NULL,'\frac{d}{dx}\left(\sin{\left(\cos{\left(x \right)} \right)}\right)',NULL,NULL,'- \sin{\left(x \right)} \cos{\left(\cos{\left(x \right)} \right)}','sympy','claude','sympy','approved',0,'medium',0,0,1,'2026-06-28T18:44:21.828244+00:00','2026-06-28T18:49:33.095304+00:00');
INSERT INTO "problem" VALUES(129,12,'differentiate',NULL,NULL,NULL,'\frac{d}{dx}\left(\ln{\left(\sin{\left(x \right)} \right)}\right)',NULL,NULL,'\frac{1}{\tan{\left(x \right)}}','sympy','claude','sympy','approved',0,'medium',0,1,1,'2026-06-28T18:44:21.828250+00:00','2026-06-28T18:49:33.095304+00:00');
INSERT INTO "problem" VALUES(130,12,'differentiate',NULL,NULL,NULL,'\frac{d}{dx}\left(e^{\sin{\left(x^{2} \right)}}\right)',NULL,NULL,'2 x e^{\sin{\left(x^{2} \right)}} \cos{\left(x^{2} \right)}','sympy','claude','sympy','approved',0,'hard',1,0,1,'2026-06-28T18:44:21.828256+00:00','2026-06-28T18:49:33.095304+00:00');
INSERT INTO "problem" VALUES(131,13,'differentiate',NULL,NULL,NULL,'\frac{d}{dx}\left(x^{x}\right)',NULL,NULL,'x^{x} \left(\ln{\left(x \right)} + 1\right)','sympy','claude','sympy','approved',0,'medium',0,1,0,'2026-06-28T18:44:21.917451+00:00','2026-06-28T18:49:37.911829+00:00');
INSERT INTO "problem" VALUES(132,13,'differentiate',NULL,NULL,NULL,'\frac{d}{dx}\left(x^{\sin{\left(x \right)}}\right)',NULL,NULL,'x^{\sin{\left(x \right)} - 1} \left(x \ln{\left(x \right)} \cos{\left(x \right)} + \sin{\left(x \right)}\right)','sympy','claude','sympy','approved',0,'medium',0,1,1,'2026-06-28T18:44:21.917497+00:00','2026-06-28T18:49:37.911829+00:00');
INSERT INTO "problem" VALUES(133,13,'differentiate',NULL,NULL,NULL,'\frac{d}{dx}\left(\sin^{x}{\left(x \right)}\right)',NULL,NULL,'\left(x \cos{\left(x \right)} + \ln{\left(\sin{\left(x \right)} \right)} \sin{\left(x \right)}\right) \sin^{x - 1}{\left(x \right)}','sympy','claude','sympy','approved',0,'medium',0,1,1,'2026-06-28T18:44:21.917508+00:00','2026-06-28T18:49:37.911829+00:00');
INSERT INTO "problem" VALUES(134,13,'differentiate',NULL,NULL,NULL,'\frac{d}{dx}\left(x^{\ln{\left(x \right)}}\right)',NULL,NULL,'2 x^{\ln{\left(x \right)} - 1} \ln{\left(x \right)}','sympy','claude','sympy','approved',0,'medium',0,1,0,'2026-06-28T18:44:21.917516+00:00','2026-06-28T18:49:37.911829+00:00');
INSERT INTO "problem" VALUES(135,13,'differentiate',NULL,NULL,NULL,'\frac{d}{dx}\left(\left(x^{2} + 1\right)^{x}\right)',NULL,NULL,'\left(x^{2} + 1\right)^{x - 1} \left(2 x^{2} + \left(x^{2} + 1\right) \ln{\left(x^{2} + 1 \right)}\right)','sympy','claude','sympy','approved',0,'hard',0,1,0,'2026-06-28T18:44:21.917525+00:00','2026-06-28T18:49:37.911829+00:00');
INSERT INTO "problem" VALUES(136,14,'find the higher-order derivative',NULL,NULL,NULL,'\frac{d^{3}}{dx^{3}}\left( \sin{\left(x \right)} \right)',NULL,NULL,'- \cos{\left(x \right)}','sympy','claude','sympy','approved',0,'medium',0,0,1,'2026-06-28T18:44:21.962706+00:00','2026-06-28T18:49:50.953520+00:00');
INSERT INTO "problem" VALUES(137,14,'find the higher-order derivative',NULL,NULL,NULL,'\frac{d^{4}}{dx^{4}}\left( \cos{\left(x \right)} \right)',NULL,NULL,'\cos{\left(x \right)}','sympy','claude','sympy','approved',0,'medium',0,0,1,'2026-06-28T18:44:21.962741+00:00','2026-06-28T18:49:50.953520+00:00');
INSERT INTO "problem" VALUES(138,14,'find the higher-order derivative',NULL,NULL,NULL,'\frac{d^{5}}{dx^{5}}\left( e^{x} \right)',NULL,NULL,'e^{x}','sympy','claude','sympy','approved',0,'medium',1,0,0,'2026-06-28T18:44:21.962749+00:00','2026-06-28T18:49:50.953520+00:00');
INSERT INTO "problem" VALUES(139,14,'find the higher-order derivative',NULL,NULL,NULL,'\frac{d^{2}}{dx^{2}}\left( x^{5} \right)',NULL,NULL,'20 x^{3}','sympy','claude','sympy','approved',0,'medium',0,0,0,'2026-06-28T18:44:21.962756+00:00','2026-06-28T18:49:50.953520+00:00');
INSERT INTO "problem" VALUES(140,14,'find the higher-order derivative',NULL,NULL,NULL,'\frac{d^{3}}{dx^{3}}\left( \ln{\left(x \right)} \right)',NULL,NULL,'\frac{2}{x^{3}}','sympy','claude','sympy','approved',0,'medium',0,1,0,'2026-06-28T18:44:21.962763+00:00','2026-06-28T18:49:50.953520+00:00');
INSERT INTO "problem" VALUES(141,14,'find the higher-order derivative',NULL,NULL,NULL,'\frac{d^{2}}{dx^{2}}\left( x^{4} - x^{2} \right)',NULL,NULL,'12 x^{2} - 2','sympy','claude','sympy','approved',0,'medium',0,0,0,'2026-06-28T18:44:21.962770+00:00','2026-06-28T18:49:50.953520+00:00');
INSERT INTO "problem" VALUES(142,14,'find the higher-order derivative',NULL,NULL,NULL,'\frac{d^{4}}{dx^{4}}\left( x^{3} \right)',NULL,NULL,'0','sympy','claude','sympy','approved',1,'medium',0,0,0,'2026-06-28T18:44:21.962776+00:00','2026-06-28T18:49:50.953520+00:00');
INSERT INTO "problem" VALUES(143,14,'find the higher-order derivative',NULL,NULL,NULL,'\frac{d^{3}}{dx^{3}}\left( x e^{x} \right)',NULL,NULL,'\left(x + 3\right) e^{x}','sympy','claude','sympy','approved',0,'medium',1,0,0,'2026-06-28T18:44:21.962782+00:00','2026-06-28T18:49:50.953520+00:00');
INSERT INTO "problem" VALUES(144,14,'find the higher-order derivative',NULL,NULL,NULL,'\frac{d^{2}}{dx^{2}}\left( \frac{1}{x} \right)',NULL,NULL,'\frac{2}{x^{3}}','sympy','claude','sympy','approved',0,'medium',0,0,0,'2026-06-28T18:44:21.962789+00:00','2026-06-28T18:49:50.953520+00:00');
INSERT INTO "problem" VALUES(145,14,'find the higher-order derivative',NULL,NULL,NULL,'\frac{d^{2}}{dx^{2}}\left( x^{2} \sin{\left(x \right)} \right)',NULL,NULL,'- x^{2} \sin{\left(x \right)} + 4 x \cos{\left(x \right)} + 2 \sin{\left(x \right)}','sympy','claude','sympy','approved',0,'hard',0,0,1,'2026-06-28T18:44:21.962797+00:00','2026-06-28T18:49:50.953520+00:00');
INSERT INTO "problem" VALUES(146,15,'find the partial derivative',NULL,NULL,NULL,'\frac{\partial}{\partial x}\left( x^{2} y \right)',NULL,NULL,'2 x y','sympy','claude','sympy','approved',0,'medium',0,0,0,'2026-06-28T18:44:22.009395+00:00','2026-06-28T18:49:57.255676+00:00');
INSERT INTO "problem" VALUES(147,15,'find the partial derivative',NULL,NULL,NULL,'\frac{\partial}{\partial y}\left( x^{2} y \right)',NULL,NULL,'x^{2}','sympy','claude','sympy','approved',0,'medium',0,0,0,'2026-06-28T18:44:22.009429+00:00','2026-06-28T18:49:57.255676+00:00');
INSERT INTO "problem" VALUES(148,15,'find the partial derivative',NULL,NULL,NULL,'\frac{\partial}{\partial x}\left( x y + y^{2} \right)',NULL,NULL,'y','sympy','claude','sympy','approved',0,'medium',0,0,0,'2026-06-28T18:44:22.009438+00:00','2026-06-28T18:49:57.255676+00:00');
INSERT INTO "problem" VALUES(149,15,'find the partial derivative',NULL,NULL,NULL,'\frac{\partial}{\partial x}\left( \sin{\left(x y \right)} \right)',NULL,NULL,'y \cos{\left(x y \right)}','sympy','claude','sympy','approved',0,'medium',0,0,1,'2026-06-28T18:44:22.009446+00:00','2026-06-28T18:49:57.255676+00:00');
INSERT INTO "problem" VALUES(150,15,'find the partial derivative',NULL,NULL,NULL,'\frac{\partial}{\partial y}\left( e^{x y} \right)',NULL,NULL,'x e^{x y}','sympy','claude','sympy','approved',0,'medium',1,0,0,'2026-06-28T18:44:22.009452+00:00','2026-06-28T18:49:57.255676+00:00');
INSERT INTO "problem" VALUES(151,15,'find the partial derivative',NULL,NULL,NULL,'\frac{\partial}{\partial x}\left( x^{2} + y^{2} \right)',NULL,NULL,'2 x','sympy','claude','sympy','approved',0,'medium',0,0,0,'2026-06-28T18:44:22.009458+00:00','2026-06-28T18:49:57.255676+00:00');
INSERT INTO "problem" VALUES(152,15,'find the partial derivative',NULL,NULL,NULL,'\frac{\partial^2}{\partial x\,\partial y}\left( x^{2} y^{3} \right)',NULL,NULL,'6 x y^{2}','sympy','claude','sympy','approved',0,'medium',0,0,0,'2026-06-28T18:44:22.009489+00:00','2026-06-28T18:49:57.255676+00:00');
INSERT INTO "problem" VALUES(153,15,'find the partial derivative',NULL,NULL,NULL,'\frac{\partial^2}{\partial x^2}\left( x^{2} y^{3} \right)',NULL,NULL,'2 y^{3}','sympy','claude','sympy','approved',0,'medium',0,0,0,'2026-06-28T18:44:22.009497+00:00','2026-06-28T18:49:57.255676+00:00');
INSERT INTO "problem" VALUES(154,15,'find the partial derivative',NULL,NULL,NULL,'\frac{\partial}{\partial x}\left( \ln{\left(x^{2} + y^{2} \right)} \right)',NULL,NULL,'\frac{2 x}{x^{2} + y^{2}}','sympy','claude','sympy','approved',0,'medium',0,1,0,'2026-06-28T18:44:22.009504+00:00','2026-06-28T18:49:57.255676+00:00');
INSERT INTO "problem" VALUES(155,15,'find the partial derivative',NULL,NULL,NULL,'\frac{\partial^2}{\partial x\,\partial y}\left( x e^{x y} \right)',NULL,NULL,'x \left(x y + 2\right) e^{x y}','sympy','claude','sympy','approved',0,'hard',1,0,0,'2026-06-28T18:44:22.009510+00:00','2026-06-28T18:49:57.255676+00:00');
INSERT INTO "problem" VALUES(156,16,'differentiate under the integral sign',NULL,NULL,NULL,'\frac{d}{dt} \int_{0}^{1} \sin{\left(t x \right)} \, dx',NULL,NULL,'\begin{cases} \frac{t \sin{\left(t \right)} + \cos{\left(t \right)} - 1}{t^{2}} & \text{for}\: \left(t > -\infty \vee t > 0\right) \wedge \left(t > -\infty \vee t < \infty\right) \wedge \left(t > 0 \vee t < 0\right) \wedge \left(t < 0 \vee t < \infty\right) \\\frac{1}{2} & \text{for}\: t \geq 0 \end{cases}','sympy','claude','sympy','approved',0,'medium',0,0,1,'2026-06-28T18:44:22.471985+00:00','2026-06-28T18:50:08.727053+00:00');
INSERT INTO "problem" VALUES(157,16,'differentiate under the integral sign',NULL,NULL,NULL,'\frac{d}{dt} \int_{0}^{1} e^{t x} \, dx',NULL,NULL,'\begin{cases} \frac{\left(t - 1\right) e^{t} + 1}{t^{2}} & \text{for}\: \left(t > -\infty \vee t > 0\right) \wedge \left(t > -\infty \vee t < \infty\right) \wedge \left(t > 0 \vee t < 0\right) \wedge \left(t < 0 \vee t < \infty\right) \\\frac{1}{2} & \text{for}\: t \geq 0 \end{cases}','sympy','claude','sympy','approved',0,'medium',1,0,0,'2026-06-28T18:44:22.472022+00:00','2026-06-28T18:50:08.727053+00:00');
INSERT INTO "problem" VALUES(158,16,'differentiate under the integral sign',NULL,NULL,NULL,'\frac{d}{dt} \int_{0}^{1} t x^{2} \, dx',NULL,NULL,'\frac{1}{3}','sympy','claude','sympy','approved',0,'medium',0,0,0,'2026-06-28T18:44:22.472033+00:00','2026-06-28T18:50:08.727053+00:00');
INSERT INTO "problem" VALUES(159,16,'differentiate under the integral sign',NULL,NULL,NULL,'\frac{d}{dt} \int_{0}^{\pi} \cos{\left(t x \right)} \, dx',NULL,NULL,'\begin{cases} \frac{\pi t \cos{\left(\pi t \right)} - \sin{\left(\pi t \right)}}{t^{2}} & \text{for}\: \left(t > -\infty \vee t > 0\right) \wedge \left(t > -\infty \vee t < \infty\right) \wedge \left(t > 0 \vee t < 0\right) \wedge \left(t < 0 \vee t < \infty\right) \\0 & \text{for}\: t \geq 0 \end{cases}','sympy','claude','sympy','approved',0,'medium',0,0,1,'2026-06-28T18:44:22.472047+00:00','2026-06-28T18:50:08.727053+00:00');
INSERT INTO "problem" VALUES(160,16,'differentiate under the integral sign',NULL,NULL,NULL,'\frac{d}{dt} \int_{0}^{t} t x^{2} \, dx',NULL,NULL,'\frac{4 t^{3}}{3}','sympy','claude','sympy','approved',0,'medium',0,0,0,'2026-06-28T18:44:22.472056+00:00','2026-06-28T18:50:08.727053+00:00');
INSERT INTO "problem" VALUES(161,16,'differentiate under the integral sign',NULL,NULL,NULL,'\frac{d}{dt} \int_{0}^{1} e^{- t x^{2}} \, dx',NULL,NULL,'\begin{cases} \frac{e^{- t}}{2 t} - \frac{\sqrt{\pi} \operatorname{erf}{\left(\sqrt{t} \right)}}{4 t^{\frac{3}{2}}} & \text{for}\: \left(t > -\infty \vee t > 0\right) \wedge \left(t > -\infty \vee t < \infty\right) \wedge \left(t > 0 \vee t < 0\right) \wedge \left(t < 0 \vee t < \infty\right) \\- \frac{1}{3} & \text{for}\: t \geq 0 \end{cases}','sympy','claude','sympy','approved',0,'hard',1,0,0,'2026-06-28T18:44:22.472063+00:00','2026-06-28T18:50:08.727053+00:00');
INSERT INTO "problem" VALUES(162,17,'find the indefinite integral',NULL,NULL,NULL,'\int x^{2} \, dx',NULL,NULL,'\frac{x^{3}}{3} + C','sympy','claude','sympy','approved',0,'easy',0,0,0,'2026-06-28T18:44:22.518128+00:00','2026-06-28T18:50:15.193838+00:00');
INSERT INTO "problem" VALUES(163,17,'find the indefinite integral',NULL,NULL,NULL,'\int \cos{\left(x \right)} \, dx',NULL,NULL,'\sin{\left(x \right)} + C','sympy','claude','sympy','approved',0,'easy',0,0,1,'2026-06-28T18:44:22.518165+00:00','2026-06-28T18:50:15.193838+00:00');
INSERT INTO "problem" VALUES(164,17,'find the indefinite integral',NULL,NULL,NULL,'\int e^{x} \, dx',NULL,NULL,'e^{x} + C','sympy','claude','sympy','approved',0,'easy',1,0,0,'2026-06-28T18:44:22.518173+00:00','2026-06-28T18:50:15.193838+00:00');
INSERT INTO "problem" VALUES(165,17,'find the indefinite integral',NULL,NULL,NULL,'\int \frac{1}{x} \, dx',NULL,NULL,'\ln{\left(x \right)} + C','sympy','claude','sympy','approved',0,'easy',0,1,0,'2026-06-28T18:44:22.518180+00:00','2026-06-28T18:50:15.193838+00:00');
INSERT INTO "problem" VALUES(166,17,'find the indefinite integral',NULL,NULL,NULL,'\int \sec^{2}{\left(x \right)} \, dx',NULL,NULL,'\frac{\sin{\left(x \right)}}{\cos{\left(x \right)}} + C','sympy','claude','sympy','approved',0,'easy',0,0,1,'2026-06-28T18:44:22.518187+00:00','2026-06-28T18:50:15.193838+00:00');
INSERT INTO "problem" VALUES(167,17,'find the indefinite integral',NULL,NULL,NULL,'\int x^{3} - 2 x \, dx',NULL,NULL,'\frac{x^{4}}{4} - x^{2} + C','sympy','claude','sympy','approved',0,'easy',0,0,0,'2026-06-28T18:44:22.518215+00:00','2026-06-28T18:50:15.193838+00:00');
INSERT INTO "problem" VALUES(168,17,'find the indefinite integral',NULL,NULL,NULL,'\int \sin{\left(x \right)} \, dx',NULL,NULL,'- \cos{\left(x \right)} + C','sympy','claude','sympy','approved',0,'easy',0,0,1,'2026-06-28T18:44:22.518222+00:00','2026-06-28T18:50:15.193838+00:00');
INSERT INTO "problem" VALUES(169,17,'find the indefinite integral',NULL,NULL,NULL,'\int \frac{1}{x^{2} + 1} \, dx',NULL,NULL,'\operatorname{atan}{\left(x \right)} + C','sympy','claude','sympy','approved',0,'easy',0,0,0,'2026-06-28T18:44:22.518231+00:00','2026-06-28T18:50:15.193838+00:00');
INSERT INTO "problem" VALUES(170,17,'find the indefinite integral',NULL,NULL,NULL,'\int \sqrt{x} \, dx',NULL,NULL,'\frac{2 x^{\frac{3}{2}}}{3} + C','sympy','claude','sympy','approved',0,'easy',0,0,0,'2026-06-28T18:44:22.518237+00:00','2026-06-28T18:50:15.193838+00:00');
INSERT INTO "problem" VALUES(171,17,'find the indefinite integral',NULL,NULL,NULL,'\int 3 \, dx',NULL,NULL,'3 x + C','sympy','claude','sympy','approved',0,'easy',0,0,0,'2026-06-28T18:44:22.518242+00:00','2026-06-28T18:50:15.193838+00:00');
INSERT INTO "problem" VALUES(172,18,'find the indefinite integral',NULL,NULL,NULL,'\int 2 x \cos{\left(x^{2} \right)} \, dx',NULL,NULL,'\sin{\left(x^{2} \right)} + C','sympy','claude','sympy','approved',0,'medium',0,0,1,'2026-06-28T18:44:22.635477+00:00','2026-06-28T18:50:19.750360+00:00');
INSERT INTO "problem" VALUES(173,18,'find the indefinite integral',NULL,NULL,NULL,'\int x e^{x^{2}} \, dx',NULL,NULL,'\frac{e^{x^{2}}}{2} + C','sympy','claude','sympy','approved',0,'medium',1,0,0,'2026-06-28T18:44:22.635511+00:00','2026-06-28T18:50:19.750360+00:00');
INSERT INTO "problem" VALUES(174,18,'find the indefinite integral',NULL,NULL,NULL,'\int \sin{\left(x \right)} \cos{\left(x \right)} \, dx',NULL,NULL,'\frac{\sin^{2}{\left(x \right)}}{2} + C','sympy','claude','sympy','approved',0,'medium',0,0,1,'2026-06-28T18:44:22.635520+00:00','2026-06-28T18:50:19.750360+00:00');
INSERT INTO "problem" VALUES(175,18,'find the indefinite integral',NULL,NULL,NULL,'\int \frac{x}{x^{2} + 1} \, dx',NULL,NULL,'\frac{\ln{\left(x^{2} + 1 \right)}}{2} + C','sympy','claude','sympy','approved',0,'medium',0,1,0,'2026-06-28T18:44:22.635527+00:00','2026-06-28T18:50:19.750360+00:00');
INSERT INTO "problem" VALUES(176,18,'find the indefinite integral',NULL,NULL,NULL,'\int x \sqrt{x^{2} + 1} \, dx',NULL,NULL,'\frac{x^{2} \sqrt{x^{2} + 1}}{3} + \frac{\sqrt{x^{2} + 1}}{3} + C','sympy','claude','sympy','approved',0,'medium',0,0,0,'2026-06-28T18:44:22.635535+00:00','2026-06-28T18:50:19.750360+00:00');
INSERT INTO "problem" VALUES(177,18,'find the indefinite integral',NULL,NULL,NULL,'\int \frac{e^{x}}{e^{x} + 1} \, dx',NULL,NULL,'\ln{\left(e^{x} + 1 \right)} + C','sympy','claude','sympy','approved',0,'medium',1,1,0,'2026-06-28T18:44:22.635543+00:00','2026-06-28T18:50:19.750360+00:00');
INSERT INTO "problem" VALUES(178,18,'find the indefinite integral',NULL,NULL,NULL,'\int e^{\sin{\left(x \right)}} \cos{\left(x \right)} \, dx',NULL,NULL,'e^{\sin{\left(x \right)}} + C','sympy','claude','sympy','approved',0,'medium',1,0,1,'2026-06-28T18:44:22.635548+00:00','2026-06-28T18:50:19.750360+00:00');
INSERT INTO "problem" VALUES(179,18,'find the indefinite integral',NULL,NULL,NULL,'\int \frac{2 x + 1}{x^{2} + x + 3} \, dx',NULL,NULL,'\ln{\left(x^{2} + x + 3 \right)} + C','sympy','claude','sympy','approved',0,'medium',0,1,0,'2026-06-28T18:44:22.635554+00:00','2026-06-28T18:50:19.750360+00:00');
INSERT INTO "problem" VALUES(180,18,'find the indefinite integral',NULL,NULL,NULL,'\int x^{2} \left(x^{3} + 1\right)^{4} \, dx',NULL,NULL,'\frac{x^{15}}{15} + \frac{x^{12}}{3} + \frac{2 x^{9}}{3} + \frac{2 x^{6}}{3} + \frac{x^{3}}{3} + C','sympy','claude','sympy','approved',0,'medium',0,0,0,'2026-06-28T18:44:22.635562+00:00','2026-06-28T18:50:19.750360+00:00');
INSERT INTO "problem" VALUES(181,18,'find the indefinite integral',NULL,NULL,NULL,'\int \tan{\left(x \right)} \, dx',NULL,NULL,'- \ln{\left(\cos{\left(x \right)} \right)} + C','sympy','claude','sympy','approved',0,'hard',0,1,1,'2026-06-28T18:44:22.635569+00:00','2026-06-28T18:50:19.750360+00:00');
INSERT INTO "problem" VALUES(182,19,'find the indefinite integral',NULL,NULL,NULL,'\int x e^{x} \, dx',NULL,NULL,'\left(x - 1\right) e^{x} + C','sympy','claude','sympy','approved',0,'medium',1,0,0,'2026-06-28T18:44:22.771183+00:00','2026-06-28T18:50:21.437299+00:00');
INSERT INTO "problem" VALUES(183,19,'find the indefinite integral',NULL,NULL,NULL,'\int x \sin{\left(x \right)} \, dx',NULL,NULL,'- x \cos{\left(x \right)} + \sin{\left(x \right)} + C','sympy','claude','sympy','approved',0,'medium',0,0,1,'2026-06-28T18:44:22.771222+00:00','2026-06-28T18:50:21.437299+00:00');
INSERT INTO "problem" VALUES(184,19,'find the indefinite integral',NULL,NULL,NULL,'\int x \cos{\left(x \right)} \, dx',NULL,NULL,'x \sin{\left(x \right)} + \cos{\left(x \right)} + C','sympy','claude','sympy','approved',0,'medium',0,0,1,'2026-06-28T18:44:22.771231+00:00','2026-06-28T18:50:21.437299+00:00');
INSERT INTO "problem" VALUES(185,19,'find the indefinite integral',NULL,NULL,NULL,'\int x^{2} e^{x} \, dx',NULL,NULL,'\left(x^{2} - 2 x + 2\right) e^{x} + C','sympy','claude','sympy','approved',0,'medium',1,0,0,'2026-06-28T18:44:22.771237+00:00','2026-06-28T18:50:21.437299+00:00');
INSERT INTO "problem" VALUES(186,19,'find the indefinite integral',NULL,NULL,NULL,'\int x \ln{\left(x \right)} \, dx',NULL,NULL,'\frac{x^{2} \ln{\left(x \right)}}{2} - \frac{x^{2}}{4} + C','sympy','claude','sympy','approved',0,'medium',0,1,0,'2026-06-28T18:44:22.771244+00:00','2026-06-28T18:50:21.437299+00:00');
INSERT INTO "problem" VALUES(187,19,'find the indefinite integral',NULL,NULL,NULL,'\int \ln{\left(x \right)} \, dx',NULL,NULL,'x \ln{\left(x \right)} - x + C','sympy','claude','sympy','approved',0,'medium',0,1,0,'2026-06-28T18:44:22.771251+00:00','2026-06-28T18:50:21.437299+00:00');
INSERT INTO "problem" VALUES(188,19,'find the indefinite integral',NULL,NULL,NULL,'\int x e^{- x} \, dx',NULL,NULL,'\left(- x - 1\right) e^{- x} + C','sympy','claude','sympy','approved',0,'medium',1,0,0,'2026-06-28T18:44:22.771279+00:00','2026-06-28T18:50:21.437299+00:00');
INSERT INTO "problem" VALUES(189,19,'find the indefinite integral',NULL,NULL,NULL,'\int x^{2} \sin{\left(x \right)} \, dx',NULL,NULL,'- x^{2} \cos{\left(x \right)} + 2 x \sin{\left(x \right)} + 2 \cos{\left(x \right)} + C','sympy','claude','sympy','approved',0,'medium',0,0,1,'2026-06-28T18:44:22.771287+00:00','2026-06-28T18:50:21.437299+00:00');
INSERT INTO "problem" VALUES(190,19,'find the indefinite integral',NULL,NULL,NULL,'\int \operatorname{atan}{\left(x \right)} \, dx',NULL,NULL,'x \operatorname{atan}{\left(x \right)} - \frac{\ln{\left(x^{2} + 1 \right)}}{2} + C','sympy','claude','sympy','approved',0,'medium',0,1,0,'2026-06-28T18:44:22.771295+00:00','2026-06-28T18:50:21.437299+00:00');
INSERT INTO "problem" VALUES(191,19,'find the indefinite integral',NULL,NULL,NULL,'\int e^{x} \sin{\left(x \right)} \, dx',NULL,NULL,'\frac{e^{x} \sin{\left(x \right)}}{2} - \frac{e^{x} \cos{\left(x \right)}}{2} + C','sympy','claude','sympy','approved',0,'hard',1,0,1,'2026-06-28T18:44:22.771300+00:00','2026-06-28T18:50:21.437299+00:00');
INSERT INTO "problem" VALUES(192,20,'find the indefinite integral',NULL,NULL,NULL,'\int \frac{1}{x^{2} - 1} \, dx',NULL,NULL,'\frac{\ln{\left(x - 1 \right)}}{2} - \frac{\ln{\left(x + 1 \right)}}{2} + C','sympy','claude','sympy','approved',0,'medium',0,1,0,'2026-06-28T18:44:22.910100+00:00','2026-06-28T18:50:29.536369+00:00');
INSERT INTO "problem" VALUES(193,20,'find the indefinite integral',NULL,NULL,NULL,'\int \frac{1}{x \left(x + 1\right)} \, dx',NULL,NULL,'\ln{\left(x \right)} - \ln{\left(x + 1 \right)} + C','sympy','claude','sympy','approved',0,'medium',0,1,0,'2026-06-28T18:44:22.910136+00:00','2026-06-28T18:50:29.536369+00:00');
INSERT INTO "problem" VALUES(194,20,'find the indefinite integral',NULL,NULL,NULL,'\int \frac{1}{x^{2} - 4} \, dx',NULL,NULL,'\frac{\ln{\left(x - 2 \right)}}{4} - \frac{\ln{\left(x + 2 \right)}}{4} + C','sympy','claude','sympy','approved',0,'medium',0,1,0,'2026-06-28T18:44:22.910146+00:00','2026-06-28T18:50:29.536369+00:00');
INSERT INTO "problem" VALUES(195,20,'find the indefinite integral',NULL,NULL,NULL,'\int \frac{x}{\left(x - 2\right) \left(x - 1\right)} \, dx',NULL,NULL,'2 \ln{\left(x - 2 \right)} - \ln{\left(x - 1 \right)} + C','sympy','claude','sympy','approved',0,'medium',0,1,0,'2026-06-28T18:44:22.910154+00:00','2026-06-28T18:50:29.536369+00:00');
INSERT INTO "problem" VALUES(196,20,'find the indefinite integral',NULL,NULL,NULL,'\int \frac{2 x + 3}{x^{2} + 3 x + 2} \, dx',NULL,NULL,'\ln{\left(x^{2} + 3 x + 2 \right)} + C','sympy','claude','sympy','approved',0,'medium',0,1,0,'2026-06-28T18:44:22.910160+00:00','2026-06-28T18:50:29.536369+00:00');
INSERT INTO "problem" VALUES(197,20,'find the indefinite integral',NULL,NULL,NULL,'\int \frac{1}{\left(x + 1\right) \left(x + 2\right) \left(x + 3\right)} \, dx',NULL,NULL,'- \ln{\left(x + 2 \right)} + \frac{\ln{\left(x^{2} + 4 x + 3 \right)}}{2} + C','sympy','claude','sympy','approved',0,'hard',0,1,0,'2026-06-28T18:44:22.910169+00:00','2026-06-28T18:50:29.536369+00:00');
INSERT INTO "problem" VALUES(198,21,'evaluate the definite integral',NULL,NULL,NULL,'\int_{0}^{1} x^{2} \, dx',NULL,NULL,'\frac{1}{3}','sympy','claude','sympy','approved',0,'easy',0,0,0,'2026-06-28T18:44:23.018590+00:00','2026-06-28T18:50:36.161711+00:00');
INSERT INTO "problem" VALUES(199,21,'evaluate the definite integral',NULL,NULL,NULL,'\int_{0}^{\pi} \sin{\left(x \right)} \, dx',NULL,NULL,'2','sympy','claude','sympy','approved',0,'medium',0,0,1,'2026-06-28T18:44:23.018628+00:00','2026-06-28T18:50:36.161711+00:00');
INSERT INTO "problem" VALUES(200,21,'evaluate the definite integral',NULL,NULL,NULL,'\int_{1}^{e} \frac{1}{x} \, dx',NULL,NULL,'1','sympy','claude','sympy','approved',0,'medium',1,0,0,'2026-06-28T18:44:23.018636+00:00','2026-06-28T18:50:36.161711+00:00');
INSERT INTO "problem" VALUES(201,21,'evaluate the definite integral',NULL,NULL,NULL,'\int_{0}^{1} x e^{x} \, dx',NULL,NULL,'1','sympy','claude','sympy','approved',0,'medium',1,0,0,'2026-06-28T18:44:23.018642+00:00','2026-06-28T18:50:36.161711+00:00');
INSERT INTO "problem" VALUES(202,21,'evaluate the definite integral',NULL,NULL,NULL,'\int_{0}^{1} \frac{1}{x^{2} + 1} \, dx',NULL,NULL,'\frac{\pi}{4}','sympy','claude','sympy','approved',0,'medium',0,0,0,'2026-06-28T18:44:23.018648+00:00','2026-06-28T18:50:36.161711+00:00');
INSERT INTO "problem" VALUES(203,21,'evaluate the definite integral',NULL,NULL,NULL,'\int_{0}^{\frac{\pi}{2}} \cos{\left(x \right)} \, dx',NULL,NULL,'1','sympy','claude','sympy','approved',0,'medium',0,0,1,'2026-06-28T18:44:23.018655+00:00','2026-06-28T18:50:36.161711+00:00');
INSERT INTO "problem" VALUES(204,21,'evaluate the definite integral',NULL,NULL,NULL,'\int_{0}^{2} x^{3} \, dx',NULL,NULL,'4','sympy','claude','sympy','approved',0,'medium',0,0,0,'2026-06-28T18:44:23.018660+00:00','2026-06-28T18:50:36.161711+00:00');
INSERT INTO "problem" VALUES(205,21,'evaluate the definite integral',NULL,NULL,NULL,'\int_{0}^{1} e^{x} \, dx',NULL,NULL,'-1 + e','sympy','claude','sympy','approved',0,'medium',1,0,0,'2026-06-28T18:44:23.018665+00:00','2026-06-28T18:50:36.161711+00:00');
INSERT INTO "problem" VALUES(206,21,'evaluate the definite integral',NULL,NULL,NULL,'\int_{-1}^{1} x^{2} + 1 \, dx',NULL,NULL,'\frac{8}{3}','sympy','claude','sympy','approved',0,'medium',0,0,0,'2026-06-28T18:44:23.018671+00:00','2026-06-28T18:50:36.161711+00:00');
INSERT INTO "problem" VALUES(207,21,'evaluate the definite integral',NULL,NULL,NULL,'\int_{0}^{4} \sqrt{x} \, dx',NULL,NULL,'\frac{16}{3}','sympy','claude','sympy','approved',0,'medium',0,0,0,'2026-06-28T18:44:23.018677+00:00','2026-06-28T18:50:36.161711+00:00');
INSERT INTO "problem" VALUES(208,21,'evaluate the definite integral',NULL,NULL,NULL,'\int_{-1}^{1} x^{3} \, dx',NULL,NULL,'0','sympy','claude','sympy','approved',1,'medium',0,0,0,'2026-06-28T18:44:23.018682+00:00','2026-06-28T18:50:36.161711+00:00');
INSERT INTO "problem" VALUES(209,21,'evaluate the definite integral',NULL,NULL,NULL,'\int_{- \pi}^{\pi} \sin{\left(x \right)} \, dx',NULL,NULL,'0','sympy','claude','sympy','approved',1,'medium',0,0,1,'2026-06-28T18:44:23.018718+00:00','2026-06-28T18:50:36.161711+00:00');
INSERT INTO "problem" VALUES(210,21,'evaluate the definite integral',NULL,NULL,NULL,'\int_{-1}^{1} x \cos{\left(x \right)} \, dx',NULL,NULL,'0','sympy','claude','sympy','approved',1,'medium',0,0,1,'2026-06-28T18:44:23.018725+00:00','2026-06-28T18:50:36.161711+00:00');
INSERT INTO "problem" VALUES(211,21,'evaluate the definite integral',NULL,NULL,NULL,'\int_{-1}^{1} x^{5} - x \, dx',NULL,NULL,'0','sympy','claude','sympy','approved',1,'medium',0,0,0,'2026-06-28T18:44:23.018730+00:00','2026-06-28T18:50:36.161711+00:00');
INSERT INTO "problem" VALUES(212,22,'evaluate the improper integral',NULL,NULL,NULL,'\int_{1}^{\infty} \frac{1}{x^{2}} \, dx',NULL,NULL,'1','sympy','claude','sympy','approved',0,'medium',0,0,0,'2026-06-28T18:44:23.209034+00:00','2026-06-28T18:50:42.431753+00:00');
INSERT INTO "problem" VALUES(213,22,'evaluate the improper integral',NULL,NULL,NULL,'\int_{0}^{\infty} e^{- x} \, dx',NULL,NULL,'1','sympy','claude','sympy','approved',0,'medium',1,0,0,'2026-06-28T18:44:23.209069+00:00','2026-06-28T18:50:42.431753+00:00');
INSERT INTO "problem" VALUES(214,22,'evaluate the improper integral',NULL,NULL,NULL,'\int_{1}^{\infty} \frac{1}{x^{3}} \, dx',NULL,NULL,'\frac{1}{2}','sympy','claude','sympy','approved',0,'medium',0,0,0,'2026-06-28T18:44:23.209078+00:00','2026-06-28T18:50:42.431753+00:00');
INSERT INTO "problem" VALUES(215,22,'evaluate the improper integral',NULL,NULL,NULL,'\int_{0}^{\infty} \frac{1}{x^{2} + 1} \, dx',NULL,NULL,'\frac{\pi}{2}','sympy','claude','sympy','approved',0,'medium',0,0,0,'2026-06-28T18:44:23.209084+00:00','2026-06-28T18:50:42.431753+00:00');
INSERT INTO "problem" VALUES(216,22,'evaluate the improper integral',NULL,NULL,NULL,'\int_{0}^{\infty} x e^{- x} \, dx',NULL,NULL,'1','sympy','claude','sympy','approved',0,'medium',1,0,0,'2026-06-28T18:44:23.209090+00:00','2026-06-28T18:50:42.431753+00:00');
INSERT INTO "problem" VALUES(217,22,'evaluate the improper integral',NULL,NULL,NULL,'\int_{0}^{1} \frac{1}{\sqrt{x}} \, dx',NULL,NULL,'2','sympy','claude','sympy','approved',0,'medium',0,0,0,'2026-06-28T18:44:23.209096+00:00','2026-06-28T18:50:42.431753+00:00');
INSERT INTO "problem" VALUES(218,22,'evaluate the improper integral',NULL,NULL,NULL,'\int_{1}^{\infty} \frac{1}{x} \, dx',NULL,NULL,'\text{diverges}','sympy','claude','sympy','approved',1,'medium',0,0,0,'2026-06-28T18:44:23.209102+00:00','2026-06-28T18:50:42.431753+00:00');
INSERT INTO "problem" VALUES(219,22,'evaluate the improper integral',NULL,NULL,NULL,'\int_{0}^{1} \frac{1}{x} \, dx',NULL,NULL,'\text{diverges}','sympy','claude','sympy','approved',1,'medium',0,0,0,'2026-06-28T18:44:23.209108+00:00','2026-06-28T18:50:42.431753+00:00');
INSERT INTO "problem" VALUES(220,22,'evaluate the improper integral',NULL,NULL,NULL,'\int_{0}^{\infty} e^{- x} \sin{\left(x \right)} \, dx',NULL,NULL,'\frac{1}{2}','sympy','claude','sympy','approved',0,'hard',1,0,1,'2026-06-28T18:44:23.209113+00:00','2026-06-28T18:50:42.431753+00:00');
INSERT INTO "problem" VALUES(221,23,'evaluate the integral',NULL,NULL,NULL,'\int_{-\infty}^{\infty} e^{- x^{2}} \, dx',NULL,NULL,'\sqrt{\pi}','sympy','claude','sympy','approved',0,'medium',1,0,0,'2026-06-28T18:44:23.269159+00:00','2026-06-28T18:50:46.030644+00:00');
INSERT INTO "problem" VALUES(222,23,'evaluate the integral',NULL,NULL,NULL,'\int_{-\infty}^{\infty} e^{- \frac{x^{2}}{2}} \, dx',NULL,NULL,'\sqrt{2} \sqrt{\pi}','sympy','claude','sympy','approved',0,'medium',1,0,0,'2026-06-28T18:44:23.269195+00:00','2026-06-28T18:50:46.030644+00:00');
INSERT INTO "problem" VALUES(223,23,'evaluate the integral',NULL,NULL,NULL,'\int_{0}^{\infty} x^{2} e^{- x} \, dx',NULL,NULL,'2','sympy','claude','sympy','approved',0,'medium',1,0,0,'2026-06-28T18:44:23.269203+00:00','2026-06-28T18:50:46.030644+00:00');
INSERT INTO "problem" VALUES(224,23,'evaluate the integral',NULL,NULL,NULL,'\int_{0}^{\infty} x^{3} e^{- x} \, dx',NULL,NULL,'6','sympy','claude','sympy','approved',0,'medium',1,0,0,'2026-06-28T18:44:23.269209+00:00','2026-06-28T18:50:46.030644+00:00');
INSERT INTO "problem" VALUES(225,23,'evaluate the integral',NULL,NULL,NULL,'\int_{0}^{\infty} \sqrt{x} e^{- x} \, dx',NULL,NULL,'\frac{\sqrt{\pi}}{2}','sympy','claude','sympy','approved',0,'medium',1,0,0,'2026-06-28T18:44:23.269215+00:00','2026-06-28T18:50:46.030644+00:00');
INSERT INTO "problem" VALUES(226,23,'evaluate the integral',NULL,NULL,NULL,'\int_{-\infty}^{\infty} x^{2} e^{- x^{2}} \, dx',NULL,NULL,'\frac{\sqrt{\pi}}{2}','sympy','claude','sympy','approved',0,'hard',1,0,0,'2026-06-28T18:44:23.269221+00:00','2026-06-28T18:50:46.030644+00:00');
INSERT INTO "problem" VALUES(227,24,'evaluate the sum',NULL,NULL,NULL,'\sum_{k=0}^{\infty} \left(\frac{1}{2}\right)^{k}',NULL,NULL,'2','sympy','claude','sympy','approved',0,'medium',0,0,0,'2026-06-28T18:44:46.736041+00:00','2026-06-28T18:50:51.585930+00:00');
INSERT INTO "problem" VALUES(228,24,'evaluate the sum',NULL,NULL,NULL,'\sum_{k=0}^{\infty} \left(\frac{1}{3}\right)^{k}',NULL,NULL,'\frac{3}{2}','sympy','claude','sympy','approved',0,'medium',0,0,0,'2026-06-28T18:44:46.736077+00:00','2026-06-28T18:50:51.585930+00:00');
INSERT INTO "problem" VALUES(229,24,'evaluate the sum',NULL,NULL,NULL,'\sum_{k=0}^{\infty} \left(\frac{2}{3}\right)^{k}',NULL,NULL,'3','sympy','claude','sympy','approved',0,'medium',0,0,0,'2026-06-28T18:44:46.736086+00:00','2026-06-28T18:50:51.585930+00:00');
INSERT INTO "problem" VALUES(230,24,'evaluate the sum',NULL,NULL,NULL,'\sum_{k=1}^{\infty} \left(\frac{1}{2}\right)^{k}',NULL,NULL,'1','sympy','claude','sympy','approved',0,'medium',0,0,0,'2026-06-28T18:44:46.736093+00:00','2026-06-28T18:50:51.585930+00:00');
INSERT INTO "problem" VALUES(231,24,'evaluate the sum',NULL,NULL,NULL,'\sum_{k=0}^{\infty} 3 \cdot 4^{- k}',NULL,NULL,'4','sympy','claude','sympy','approved',0,'medium',0,0,0,'2026-06-28T18:44:46.736099+00:00','2026-06-28T18:50:51.585930+00:00');
INSERT INTO "problem" VALUES(232,24,'evaluate the sum',NULL,NULL,NULL,'\sum_{k=0}^{n} 2^{k}',NULL,NULL,'2 \cdot 2^{n} - 1','sympy','claude','sympy','approved',0,'medium',0,0,0,'2026-06-28T18:44:46.736105+00:00','2026-06-28T18:50:51.585930+00:00');
INSERT INTO "problem" VALUES(233,24,'evaluate the sum',NULL,NULL,NULL,'\sum_{k=0}^{\infty} \left(\frac{1}{5}\right)^{k}',NULL,NULL,'\frac{5}{4}','sympy','claude','sympy','approved',0,'medium',0,0,0,'2026-06-28T18:44:46.736111+00:00','2026-06-28T18:50:51.585930+00:00');
INSERT INTO "problem" VALUES(234,24,'evaluate the sum',NULL,NULL,NULL,'\sum_{k=1}^{\infty} 2^{- k} k',NULL,NULL,'2','sympy','claude','sympy','approved',0,'hard',0,0,0,'2026-06-28T18:44:46.736146+00:00','2026-06-28T18:50:51.585930+00:00');
INSERT INTO "problem" VALUES(235,24,'evaluate the sum',NULL,NULL,NULL,'\sum_{k=0}^{\infty} 2^{k}',NULL,NULL,'\text{diverges}','sympy','claude','sympy','approved',1,'medium',0,0,0,'2026-06-28T18:44:46.736153+00:00','2026-06-28T18:50:51.585930+00:00');
INSERT INTO "problem" VALUES(236,25,'evaluate the sum',NULL,NULL,NULL,'\sum_{k=1}^{\infty} \frac{1}{k \left(k + 1\right)}',NULL,NULL,'1','sympy','claude','sympy','approved',0,'medium',0,0,0,'2026-06-28T18:44:48.811769+00:00','2026-06-28T18:50:52.542146+00:00');
INSERT INTO "problem" VALUES(237,25,'evaluate the sum',NULL,NULL,NULL,'\sum_{k=1}^{\infty} \frac{1}{k \left(k + 2\right)}',NULL,NULL,'\frac{3}{4}','sympy','claude','sympy','approved',0,'medium',0,0,0,'2026-06-28T18:44:48.811810+00:00','2026-06-28T18:50:52.542146+00:00');
INSERT INTO "problem" VALUES(238,25,'evaluate the sum',NULL,NULL,NULL,'\sum_{k=0}^{\infty} \frac{1}{\left(k + 1\right) \left(k + 2\right)}',NULL,NULL,'1','sympy','claude','sympy','approved',0,'medium',0,0,0,'2026-06-28T18:44:48.811819+00:00','2026-06-28T18:50:52.542146+00:00');
INSERT INTO "problem" VALUES(239,25,'evaluate the sum',NULL,NULL,NULL,'\sum_{k=2}^{\infty} \frac{1}{k^{2} - 1}',NULL,NULL,'\frac{3}{4}','sympy','claude','sympy','approved',0,'hard',0,0,0,'2026-06-28T18:44:48.811826+00:00','2026-06-28T18:50:52.542146+00:00');
INSERT INTO "problem" VALUES(240,26,'evaluate the sum',NULL,NULL,NULL,'\sum_{k=1}^{n} k',NULL,NULL,'\frac{n \left(n + 1\right)}{2}','sympy','claude','sympy','approved',0,'medium',0,0,0,'2026-06-28T18:44:48.879276+00:00','2026-06-28T18:50:53.422607+00:00');
INSERT INTO "problem" VALUES(241,26,'evaluate the sum',NULL,NULL,NULL,'\sum_{k=1}^{n} k^{2}',NULL,NULL,'\frac{n \left(n + 1\right) \left(2 n + 1\right)}{6}','sympy','claude','sympy','approved',0,'medium',0,0,0,'2026-06-28T18:44:48.879316+00:00','2026-06-28T18:50:53.422607+00:00');
INSERT INTO "problem" VALUES(242,26,'evaluate the sum',NULL,NULL,NULL,'\sum_{k=1}^{n} k^{3}',NULL,NULL,'\frac{n^{2} \left(n + 1\right)^{2}}{4}','sympy','claude','sympy','approved',0,'medium',0,0,0,'2026-06-28T18:44:48.879325+00:00','2026-06-28T18:50:53.422607+00:00');
INSERT INTO "problem" VALUES(243,26,'evaluate the sum',NULL,NULL,NULL,'\sum_{k=1}^{n} 2 k - 1',NULL,NULL,'n^{2}','sympy','claude','sympy','approved',0,'medium',0,0,0,'2026-06-28T18:44:48.879331+00:00','2026-06-28T18:50:53.422607+00:00');
INSERT INTO "problem" VALUES(244,26,'evaluate the sum',NULL,NULL,NULL,'\sum_{k=1}^{n} k \left(k + 1\right)',NULL,NULL,'\frac{n \left(n + 1\right) \left(n + 2\right)}{3}','sympy','claude','sympy','approved',0,'medium',0,0,0,'2026-06-28T18:44:48.879339+00:00','2026-06-28T18:50:53.422607+00:00');
INSERT INTO "problem" VALUES(245,26,'evaluate the sum',NULL,NULL,NULL,'\sum_{k=1}^{n} 1',NULL,NULL,'n','sympy','claude','sympy','approved',0,'medium',0,0,0,'2026-06-28T18:44:48.879345+00:00','2026-06-28T18:50:53.422607+00:00');
INSERT INTO "problem" VALUES(246,26,'evaluate the sum',NULL,NULL,NULL,'\sum_{k=1}^{n} k^{2} + k',NULL,NULL,'\frac{n \left(n + 1\right) \left(n + 2\right)}{3}','sympy','claude','sympy','approved',0,'hard',0,0,0,'2026-06-28T18:44:48.879352+00:00','2026-06-28T18:50:53.422607+00:00');
INSERT INTO "problem" VALUES(247,26,'evaluate the sum',NULL,NULL,NULL,'\sum_{k=1}^{\infty} \frac{1}{k}',NULL,NULL,'\text{diverges}','sympy','claude','sympy','approved',1,'medium',0,0,0,'2026-06-28T18:44:48.879361+00:00','2026-06-28T18:50:53.422607+00:00');
INSERT INTO "problem" VALUES(248,27,'expand the binomial',NULL,NULL,NULL,'\left(x + 1\right)^{2}',NULL,NULL,'x^{2} + 2 x + 1','sympy','claude','sympy','approved',0,'easy',0,0,0,'2026-06-28T18:44:48.893054+00:00','2026-06-28T18:50:54.529803+00:00');
INSERT INTO "problem" VALUES(249,27,'expand the binomial',NULL,NULL,NULL,'\left(x + 1\right)^{3}',NULL,NULL,'x^{3} + 3 x^{2} + 3 x + 1','sympy','claude','sympy','approved',0,'medium',0,0,0,'2026-06-28T18:44:48.893094+00:00','2026-06-28T18:50:54.529803+00:00');
INSERT INTO "problem" VALUES(250,27,'expand the binomial',NULL,NULL,NULL,'\left(x + y\right)^{3}',NULL,NULL,'x^{3} + 3 x^{2} y + 3 x y^{2} + y^{3}','sympy','claude','sympy','approved',0,'medium',0,0,0,'2026-06-28T18:44:48.893107+00:00','2026-06-28T18:50:54.529803+00:00');
INSERT INTO "problem" VALUES(251,27,'expand the binomial',NULL,NULL,NULL,'\left(x + 2\right)^{4}',NULL,NULL,'x^{4} + 8 x^{3} + 24 x^{2} + 32 x + 16','sympy','claude','sympy','approved',0,'medium',0,0,0,'2026-06-28T18:44:48.893114+00:00','2026-06-28T18:50:54.529803+00:00');
INSERT INTO "problem" VALUES(252,27,'expand the binomial',NULL,NULL,NULL,'\left(a + b\right)^{4}',NULL,NULL,'a^{4} + 4 a^{3} b + 6 a^{2} b^{2} + 4 a b^{3} + b^{4}','sympy','claude','sympy','approved',0,'medium',0,0,0,'2026-06-28T18:44:48.893121+00:00','2026-06-28T18:50:54.529803+00:00');
INSERT INTO "problem" VALUES(253,27,'expand the binomial',NULL,NULL,NULL,'\left(x - 1\right)^{3}',NULL,NULL,'x^{3} - 3 x^{2} + 3 x - 1','sympy','claude','sympy','approved',0,'medium',0,0,0,'2026-06-28T18:44:48.893127+00:00','2026-06-28T18:50:54.529803+00:00');
INSERT INTO "problem" VALUES(254,27,'expand the binomial',NULL,NULL,NULL,'\left(2 x + 1\right)^{3}',NULL,NULL,'8 x^{3} + 12 x^{2} + 6 x + 1','sympy','claude','sympy','approved',0,'medium',0,0,0,'2026-06-28T18:44:48.893134+00:00','2026-06-28T18:50:54.529803+00:00');
INSERT INTO "problem" VALUES(255,27,'expand the binomial',NULL,NULL,NULL,'1',NULL,NULL,'1','sympy','claude','sympy','approved',1,'medium',0,0,0,'2026-06-28T18:44:48.893139+00:00','2026-06-28T18:50:54.529803+00:00');
INSERT INTO "problem" VALUES(256,27,'expand the binomial',NULL,NULL,NULL,'\left(x + 1\right)^{5}',NULL,NULL,'x^{5} + 5 x^{4} + 10 x^{3} + 10 x^{2} + 5 x + 1','sympy','claude','sympy','approved',0,'medium',0,0,0,'2026-06-28T18:44:48.893145+00:00','2026-06-28T18:50:54.529803+00:00');
INSERT INTO "problem" VALUES(257,27,'expand the binomial',NULL,NULL,NULL,'\left(x + y\right)^{6}',NULL,NULL,'x^{6} + 6 x^{5} y + 15 x^{4} y^{2} + 20 x^{3} y^{3} + 15 x^{2} y^{4} + 6 x y^{5} + y^{6}','sympy','claude','sympy','approved',0,'hard',0,0,0,'2026-06-28T18:44:48.893155+00:00','2026-06-28T18:50:54.529803+00:00');
INSERT INTO "problem" VALUES(258,28,'find the Taylor series through x^{4}',NULL,NULL,NULL,'e^{x}',NULL,NULL,'\frac{x^{4}}{24} + \frac{x^{3}}{6} + \frac{x^{2}}{2} + x + 1','sympy','claude','sympy','approved',0,'medium',1,0,0,'2026-06-28T18:44:48.994725+00:00','2026-06-28T18:50:58.218260+00:00');
INSERT INTO "problem" VALUES(259,28,'find the Taylor series through x^{5}',NULL,NULL,NULL,'\sin{\left(x \right)}',NULL,NULL,'\frac{x^{5}}{120} - \frac{x^{3}}{6} + x','sympy','claude','sympy','approved',0,'medium',0,0,1,'2026-06-28T18:44:48.994771+00:00','2026-06-28T18:50:58.218260+00:00');
INSERT INTO "problem" VALUES(260,28,'find the Taylor series through x^{5}',NULL,NULL,NULL,'\cos{\left(x \right)}',NULL,NULL,'\frac{x^{4}}{24} - \frac{x^{2}}{2} + 1','sympy','claude','sympy','approved',0,'medium',0,0,1,'2026-06-28T18:44:48.994780+00:00','2026-06-28T18:50:58.218260+00:00');
INSERT INTO "problem" VALUES(261,28,'find the Taylor series through x^{4}',NULL,NULL,NULL,'\ln{\left(x + 1 \right)}',NULL,NULL,'- \frac{x^{4}}{4} + \frac{x^{3}}{3} - \frac{x^{2}}{2} + x','sympy','claude','sympy','approved',0,'medium',0,1,0,'2026-06-28T18:44:48.994788+00:00','2026-06-28T18:50:58.218260+00:00');
INSERT INTO "problem" VALUES(262,28,'find the Taylor series through x^{4}',NULL,NULL,NULL,'\frac{1}{1 - x}',NULL,NULL,'x^{4} + x^{3} + x^{2} + x + 1','sympy','claude','sympy','approved',0,'medium',0,0,0,'2026-06-28T18:44:48.994794+00:00','2026-06-28T18:50:58.218260+00:00');
INSERT INTO "problem" VALUES(263,28,'find the Taylor series at x=1 through x^{3}',NULL,NULL,NULL,'e^{x}',NULL,NULL,'\frac{e \left(x - 1\right)^{3}}{6} + \frac{e \left(x - 1\right)^{2}}{2} + e \left(x - 1\right) + e','sympy','claude','sympy','approved',0,'medium',1,0,0,'2026-06-28T18:44:48.994800+00:00','2026-06-28T18:50:58.218260+00:00');
INSERT INTO "problem" VALUES(264,28,'find the Taylor series through x^{3}',NULL,NULL,NULL,'\sqrt{x + 1}',NULL,NULL,'\frac{x^{3}}{16} - \frac{x^{2}}{8} + \frac{x}{2} + 1','sympy','claude','sympy','approved',0,'medium',0,0,0,'2026-06-28T18:44:48.994807+00:00','2026-06-28T18:50:58.218260+00:00');
INSERT INTO "problem" VALUES(265,28,'find the Taylor series through x^{5}',NULL,NULL,NULL,'\operatorname{atan}{\left(x \right)}',NULL,NULL,'\frac{x^{5}}{5} - \frac{x^{3}}{3} + x','sympy','claude','sympy','approved',0,'medium',0,0,0,'2026-06-28T18:44:48.994813+00:00','2026-06-28T18:50:58.218260+00:00');
INSERT INTO "problem" VALUES(266,28,'find the Taylor series through x^{5}',NULL,NULL,NULL,'\sinh{\left(x \right)}',NULL,NULL,'\frac{x^{5}}{120} + \frac{x^{3}}{6} + x','sympy','claude','sympy','approved',0,'medium',0,0,1,'2026-06-28T18:44:48.994819+00:00','2026-06-28T18:50:58.218260+00:00');
INSERT INTO "problem" VALUES(267,28,'find the Taylor series through x^{4}',NULL,NULL,NULL,'e^{x} \cos{\left(x \right)}',NULL,NULL,'- \frac{x^{4}}{6} - \frac{x^{3}}{3} + x + 1','sympy','claude','sympy','approved',0,'hard',1,0,1,'2026-06-28T18:44:48.994824+00:00','2026-06-28T18:50:58.218260+00:00');
INSERT INTO "problem" VALUES(268,29,'evaluate the limit',NULL,NULL,NULL,'\lim_{x \to 1} \frac{x^{2} - 1}{x - 1}',NULL,NULL,'2','sympy','claude','sympy','approved',0,'medium',0,0,0,'2026-06-28T18:44:49.057269+00:00','2026-06-28T18:51:00.845009+00:00');
INSERT INTO "problem" VALUES(269,29,'evaluate the limit',NULL,NULL,NULL,'\lim_{x \to \infty} \frac{2 x + 1}{x + 1}',NULL,NULL,'2','sympy','claude','sympy','approved',0,'medium',0,0,0,'2026-06-28T18:44:49.057325+00:00','2026-06-28T18:51:00.845009+00:00');
INSERT INTO "problem" VALUES(270,29,'evaluate the limit',NULL,NULL,NULL,'\lim_{x \to \infty} \frac{1}{x}',NULL,NULL,'0','sympy','claude','sympy','approved',0,'medium',0,0,0,'2026-06-28T18:44:49.057343+00:00','2026-06-28T18:51:00.845009+00:00');
INSERT INTO "problem" VALUES(271,29,'evaluate the limit',NULL,NULL,NULL,'\lim_{x \to \infty} \frac{x^{2} + 1}{2 x^{2} - 3}',NULL,NULL,'\frac{1}{2}','sympy','claude','sympy','approved',0,'medium',0,0,0,'2026-06-28T18:44:49.057352+00:00','2026-06-28T18:51:00.845009+00:00');
INSERT INTO "problem" VALUES(272,29,'evaluate the limit',NULL,NULL,NULL,'\lim_{x \to \infty} - \sqrt{x} + \sqrt{x + 1}',NULL,NULL,'0','sympy','claude','sympy','approved',0,'medium',0,0,0,'2026-06-28T18:44:49.057359+00:00','2026-06-28T18:51:00.845009+00:00');
INSERT INTO "problem" VALUES(273,29,'evaluate the limit',NULL,NULL,NULL,'\lim_{x \to \infty} x \sin{\left(\frac{1}{x} \right)}',NULL,NULL,'1','sympy','claude','sympy','approved',0,'medium',0,0,1,'2026-06-28T18:44:49.057369+00:00','2026-06-28T18:51:00.845009+00:00');
INSERT INTO "problem" VALUES(274,29,'evaluate the limit',NULL,NULL,NULL,'\lim_{x \to 0} \frac{1 - \cos{\left(x \right)}}{x}',NULL,NULL,'0','sympy','claude','sympy','approved',0,'medium',0,0,1,'2026-06-28T18:44:49.057375+00:00','2026-06-28T18:51:00.845009+00:00');
INSERT INTO "problem" VALUES(275,29,'evaluate the limit',NULL,NULL,NULL,'\lim_{x \to 2} x^{2} + 3',NULL,NULL,'7','sympy','claude','sympy','approved',0,'easy',0,0,0,'2026-06-28T18:44:49.057381+00:00','2026-06-28T18:51:00.845009+00:00');
INSERT INTO "problem" VALUES(276,29,'evaluate the limit',NULL,NULL,NULL,'\lim_{x \to 0} \frac{1}{x}',NULL,NULL,'\text{does not exist}','sympy','claude','sympy','approved',1,'medium',0,0,0,'2026-06-28T18:44:49.057387+00:00','2026-06-28T18:51:00.845009+00:00');
INSERT INTO "problem" VALUES(277,29,'evaluate the limit',NULL,NULL,NULL,'\lim_{x \to 0} \sin{\left(\frac{1}{x} \right)}',NULL,NULL,'\text{does not exist}','sympy','claude','sympy','approved',1,'medium',0,0,1,'2026-06-28T18:44:49.057393+00:00','2026-06-28T18:51:00.845009+00:00');
INSERT INTO "problem" VALUES(278,30,'evaluate the limit',NULL,NULL,NULL,'\lim_{x \to 0} \frac{\sin{\left(x \right)}}{x}',NULL,NULL,'1','sympy','claude','sympy','approved',0,'medium',0,0,1,'2026-06-28T18:44:49.163188+00:00','2026-06-28T18:51:02.226111+00:00');
INSERT INTO "problem" VALUES(279,30,'evaluate the limit',NULL,NULL,NULL,'\lim_{x \to 0} \frac{e^{x} - 1}{x}',NULL,NULL,'1','sympy','claude','sympy','approved',0,'medium',1,0,0,'2026-06-28T18:44:49.163223+00:00','2026-06-28T18:51:02.226111+00:00');
INSERT INTO "problem" VALUES(280,30,'evaluate the limit',NULL,NULL,NULL,'\lim_{x \to 0} \frac{1 - \cos{\left(x \right)}}{x^{2}}',NULL,NULL,'\frac{1}{2}','sympy','claude','sympy','approved',0,'medium',0,0,1,'2026-06-28T18:44:49.163233+00:00','2026-06-28T18:51:02.226111+00:00');
INSERT INTO "problem" VALUES(281,30,'evaluate the limit',NULL,NULL,NULL,'\lim_{x \to 1} \frac{\ln{\left(x \right)}}{x - 1}',NULL,NULL,'1','sympy','claude','sympy','approved',0,'medium',0,1,0,'2026-06-28T18:44:49.163240+00:00','2026-06-28T18:51:02.226111+00:00');
INSERT INTO "problem" VALUES(282,30,'evaluate the limit',NULL,NULL,NULL,'\lim_{x \to 0} \frac{- x + e^{x} - 1}{x^{2}}',NULL,NULL,'\frac{1}{2}','sympy','claude','sympy','approved',0,'medium',1,0,0,'2026-06-28T18:44:49.163271+00:00','2026-06-28T18:51:02.226111+00:00');
INSERT INTO "problem" VALUES(283,30,'evaluate the limit',NULL,NULL,NULL,'\lim_{x \to 0} x \ln{\left(x \right)}',NULL,NULL,'0','sympy','claude','sympy','approved',0,'medium',0,1,0,'2026-06-28T18:44:49.163281+00:00','2026-06-28T18:51:02.226111+00:00');
INSERT INTO "problem" VALUES(284,30,'evaluate the limit',NULL,NULL,NULL,'\lim_{x \to 0} \frac{- x + \tan{\left(x \right)}}{x^{3}}',NULL,NULL,'\frac{1}{3}','sympy','claude','sympy','approved',0,'medium',0,0,0,'2026-06-28T18:44:49.163289+00:00','2026-06-28T18:51:02.226111+00:00');
INSERT INTO "problem" VALUES(285,30,'evaluate the limit',NULL,NULL,NULL,'\lim_{x \to 0} \frac{x - \sin{\left(x \right)}}{x^{3}}',NULL,NULL,'\frac{1}{6}','sympy','claude','sympy','approved',0,'hard',0,0,1,'2026-06-28T18:44:49.163295+00:00','2026-06-28T18:51:02.226111+00:00');
INSERT INTO "problem" VALUES(286,31,'evaluate the limit',NULL,NULL,NULL,'\lim_{x \to \infty} \left(1 + \frac{1}{x}\right)^{x}',NULL,NULL,'e','sympy','claude','sympy','approved',0,'medium',1,0,0,'2026-06-28T18:44:49.191661+00:00','2026-06-28T18:51:02.943597+00:00');
INSERT INTO "problem" VALUES(287,31,'evaluate the limit',NULL,NULL,NULL,'\lim_{x \to \infty} \left(1 + \frac{2}{x}\right)^{x}',NULL,NULL,'e^{2}','sympy','claude','sympy','approved',0,'medium',1,0,0,'2026-06-28T18:44:49.191698+00:00','2026-06-28T18:51:02.943597+00:00');
INSERT INTO "problem" VALUES(288,31,'evaluate the limit',NULL,NULL,NULL,'\lim_{x \to \infty} \left(1 + \frac{1}{x}\right)^{2 x}',NULL,NULL,'e^{2}','sympy','claude','sympy','approved',0,'medium',1,0,0,'2026-06-28T18:44:49.191707+00:00','2026-06-28T18:51:02.943597+00:00');
INSERT INTO "problem" VALUES(289,31,'evaluate the limit',NULL,NULL,NULL,'\lim_{x \to \infty} \left(1 - \frac{1}{x}\right)^{x}',NULL,NULL,'e^{-1}','sympy','claude','sympy','approved',0,'medium',1,0,0,'2026-06-28T18:44:49.191714+00:00','2026-06-28T18:51:02.943597+00:00');
INSERT INTO "problem" VALUES(290,31,'evaluate the limit',NULL,NULL,NULL,'\lim_{x \to \infty} \left(1 + \frac{3}{x}\right)^{\frac{x}{2}}',NULL,NULL,'e^{\frac{3}{2}}','sympy','claude','sympy','approved',0,'hard',1,0,0,'2026-06-28T18:44:49.191721+00:00','2026-06-28T18:51:02.943597+00:00');
INSERT INTO "problem" VALUES(291,32,'evaluate the determinant',NULL,NULL,NULL,'\det \left[\begin{matrix}1 & 2\\3 & 4\end{matrix}\right]',NULL,NULL,'-2','sympy','claude','sympy','approved',0,'easy',0,0,0,'2026-06-28T18:44:49.206607+00:00','2026-06-28T18:51:05.048728+00:00');
INSERT INTO "problem" VALUES(292,32,'evaluate the determinant',NULL,NULL,NULL,'\det \left[\begin{matrix}2 & 0\\0 & 3\end{matrix}\right]',NULL,NULL,'6','sympy','claude','sympy','approved',0,'easy',0,0,0,'2026-06-28T18:44:49.206642+00:00','2026-06-28T18:51:05.048728+00:00');
INSERT INTO "problem" VALUES(293,32,'evaluate the determinant',NULL,NULL,NULL,'\det \left[\begin{matrix}1 & 2\\2 & 4\end{matrix}\right]',NULL,NULL,'0','sympy','claude','sympy','approved',0,'medium',0,0,0,'2026-06-28T18:44:49.206653+00:00','2026-06-28T18:51:05.048728+00:00');
INSERT INTO "problem" VALUES(294,32,'evaluate the determinant',NULL,NULL,NULL,'\det \left[\begin{matrix}1 & 2 & 3\\0 & 1 & 4\\5 & 6 & 0\end{matrix}\right]',NULL,NULL,'1','sympy','claude','sympy','approved',0,'medium',0,0,0,'2026-06-28T18:44:49.206660+00:00','2026-06-28T18:51:05.048728+00:00');
INSERT INTO "problem" VALUES(295,32,'evaluate the determinant',NULL,NULL,NULL,'\det \left[\begin{matrix}2 & 1 & 0\\1 & 2 & 1\\0 & 1 & 2\end{matrix}\right]',NULL,NULL,'4','sympy','claude','sympy','approved',0,'medium',0,0,0,'2026-06-28T18:44:49.206666+00:00','2026-06-28T18:51:05.048728+00:00');
INSERT INTO "problem" VALUES(296,32,'evaluate the determinant',NULL,NULL,NULL,'\det \left[\begin{matrix}1 & 0 & 0\\0 & 1 & 0\\0 & 0 & 1\end{matrix}\right]',NULL,NULL,'1','sympy','claude','sympy','approved',0,'medium',0,0,0,'2026-06-28T18:44:49.206673+00:00','2026-06-28T18:51:05.048728+00:00');
INSERT INTO "problem" VALUES(297,32,'evaluate the determinant',NULL,NULL,NULL,'\det \left[\begin{matrix}3 & 8\\4 & 6\end{matrix}\right]',NULL,NULL,'-14','sympy','claude','sympy','approved',0,'medium',0,0,0,'2026-06-28T18:44:49.206679+00:00','2026-06-28T18:51:05.048728+00:00');
INSERT INTO "problem" VALUES(298,32,'evaluate the determinant',NULL,NULL,NULL,'\det \left[\begin{matrix}1 & 1 & 1\\1 & 2 & 3\\1 & 4 & 9\end{matrix}\right]',NULL,NULL,'2','sympy','claude','sympy','approved',0,'medium',0,0,0,'2026-06-28T18:44:49.206685+00:00','2026-06-28T18:51:05.048728+00:00');
INSERT INTO "problem" VALUES(299,32,'evaluate the determinant',NULL,NULL,NULL,'\det \left[\begin{matrix}2 & -1 & 3\\0 & 4 & -2\\1 & 0 & 5\end{matrix}\right]',NULL,NULL,'30','sympy','claude','sympy','approved',0,'hard',0,0,0,'2026-06-28T18:44:49.206692+00:00','2026-06-28T18:51:05.048728+00:00');
INSERT INTO "problem" VALUES(300,32,'evaluate the determinant',NULL,NULL,NULL,'\det \left[\begin{matrix}1 & 2 & 3\\4 & 5 & 6\end{matrix}\right]',NULL,NULL,'\text{undefined (not square)}','sympy','claude','sympy','approved',1,'medium',0,0,0,'2026-06-28T18:44:49.206699+00:00','2026-06-28T18:51:05.048728+00:00');
INSERT INTO "problem" VALUES(301,33,'find the matrix inverse',NULL,NULL,NULL,'\left[\begin{matrix}1 & 2\\3 & 4\end{matrix}\right]^{-1}',NULL,NULL,'\left[\begin{matrix}-2 & 1\\\frac{3}{2} & - \frac{1}{2}\end{matrix}\right]','sympy','claude','sympy','approved',0,'medium',0,0,0,'2026-06-28T18:44:49.216287+00:00','2026-06-28T18:51:05.626238+00:00');
INSERT INTO "problem" VALUES(302,33,'find the matrix inverse',NULL,NULL,NULL,'\left[\begin{matrix}2 & 0\\0 & 3\end{matrix}\right]^{-1}',NULL,NULL,'\left[\begin{matrix}\frac{1}{2} & 0\\0 & \frac{1}{3}\end{matrix}\right]','sympy','claude','sympy','approved',0,'medium',0,0,0,'2026-06-28T18:44:49.216318+00:00','2026-06-28T18:51:05.626238+00:00');
INSERT INTO "problem" VALUES(303,33,'find the matrix inverse',NULL,NULL,NULL,'\left[\begin{matrix}1 & 1\\0 & 1\end{matrix}\right]^{-1}',NULL,NULL,'\left[\begin{matrix}1 & -1\\0 & 1\end{matrix}\right]','sympy','claude','sympy','approved',0,'medium',0,0,0,'2026-06-28T18:44:49.216329+00:00','2026-06-28T18:51:05.626238+00:00');
INSERT INTO "problem" VALUES(304,33,'find the matrix inverse',NULL,NULL,NULL,'\left[\begin{matrix}4 & 7\\2 & 6\end{matrix}\right]^{-1}',NULL,NULL,'\left[\begin{matrix}\frac{3}{5} & - \frac{7}{10}\\- \frac{1}{5} & \frac{2}{5}\end{matrix}\right]','sympy','claude','sympy','approved',0,'medium',0,0,0,'2026-06-28T18:44:49.216356+00:00','2026-06-28T18:51:05.626238+00:00');
INSERT INTO "problem" VALUES(305,33,'find the matrix inverse',NULL,NULL,NULL,'\left[\begin{matrix}1 & 0\\0 & 1\end{matrix}\right]^{-1}',NULL,NULL,'\left[\begin{matrix}1 & 0\\0 & 1\end{matrix}\right]','sympy','claude','sympy','approved',0,'medium',0,0,0,'2026-06-28T18:44:49.216365+00:00','2026-06-28T18:51:05.626238+00:00');
INSERT INTO "problem" VALUES(306,33,'find the matrix inverse',NULL,NULL,NULL,'\left[\begin{matrix}3 & 5\\1 & 2\end{matrix}\right]^{-1}',NULL,NULL,'\left[\begin{matrix}2 & -5\\-1 & 3\end{matrix}\right]','sympy','claude','sympy','approved',0,'hard',0,0,0,'2026-06-28T18:44:49.216372+00:00','2026-06-28T18:51:05.626238+00:00');
INSERT INTO "problem" VALUES(307,33,'find the matrix inverse',NULL,NULL,NULL,'\left[\begin{matrix}1 & 2\\2 & 4\end{matrix}\right]^{-1}',NULL,NULL,'\text{no inverse (singular)}','sympy','claude','sympy','approved',1,'medium',0,0,0,'2026-06-28T18:44:49.216381+00:00','2026-06-28T18:51:05.626238+00:00');
INSERT INTO "problem" VALUES(308,33,'find the matrix inverse',NULL,NULL,NULL,'\left[\begin{matrix}1 & 2 & 3\\4 & 5 & 6\end{matrix}\right]^{-1}',NULL,NULL,'\text{undefined (not square)}','sympy','claude','sympy','approved',1,'medium',0,0,0,'2026-06-28T18:44:49.216388+00:00','2026-06-28T18:51:05.626238+00:00');
INSERT INTO "problem" VALUES(309,34,'expand the quadratic form',NULL,NULL,NULL,'\mathbf{x}^\top \left[\begin{matrix}1 & 0\\0 & 1\end{matrix}\right] \, \mathbf{x},\quad \mathbf{x}=\left[\begin{matrix}x\\y\end{matrix}\right]',NULL,NULL,'x^{2} + y^{2}','sympy','claude','sympy','approved',0,'medium',0,0,0,'2026-06-28T18:44:49.229249+00:00','2026-06-28T18:51:06.249517+00:00');
INSERT INTO "problem" VALUES(310,34,'expand the quadratic form',NULL,NULL,NULL,'\mathbf{x}^\top \left[\begin{matrix}1 & 2\\2 & 1\end{matrix}\right] \, \mathbf{x},\quad \mathbf{x}=\left[\begin{matrix}x\\y\end{matrix}\right]',NULL,NULL,'x^{2} + 4 x y + y^{2}','sympy','claude','sympy','approved',0,'medium',0,0,0,'2026-06-28T18:44:49.229288+00:00','2026-06-28T18:51:06.249517+00:00');
INSERT INTO "problem" VALUES(311,34,'expand the quadratic form',NULL,NULL,NULL,'\mathbf{x}^\top \left[\begin{matrix}2 & 1\\1 & 3\end{matrix}\right] \, \mathbf{x},\quad \mathbf{x}=\left[\begin{matrix}x\\y\end{matrix}\right]',NULL,NULL,'2 x^{2} + 2 x y + 3 y^{2}','sympy','claude','sympy','approved',0,'medium',0,0,0,'2026-06-28T18:44:49.229300+00:00','2026-06-28T18:51:06.249517+00:00');
INSERT INTO "problem" VALUES(312,34,'expand the quadratic form',NULL,NULL,NULL,'\mathbf{x}^\top \left[\begin{matrix}1 & -1\\-1 & 1\end{matrix}\right] \, \mathbf{x},\quad \mathbf{x}=\left[\begin{matrix}x\\y\end{matrix}\right]',NULL,NULL,'x^{2} - 2 x y + y^{2}','sympy','claude','sympy','approved',0,'medium',0,0,0,'2026-06-28T18:44:49.229310+00:00','2026-06-28T18:51:06.249517+00:00');
INSERT INTO "problem" VALUES(313,34,'expand the quadratic form',NULL,NULL,NULL,'\mathbf{x}^\top \left[\begin{matrix}3 & 0\\0 & 5\end{matrix}\right] \, \mathbf{x},\quad \mathbf{x}=\left[\begin{matrix}x\\y\end{matrix}\right]',NULL,NULL,'3 x^{2} + 5 y^{2}','sympy','claude','sympy','approved',0,'medium',0,0,0,'2026-06-28T18:44:49.229321+00:00','2026-06-28T18:51:06.249517+00:00');
INSERT INTO "problem" VALUES(314,34,'expand the quadratic form',NULL,NULL,NULL,'\mathbf{x}^\top \left[\begin{matrix}2 & 1 & 0\\1 & 2 & 1\\0 & 1 & 2\end{matrix}\right] \, \mathbf{x},\quad \mathbf{x}=\left[\begin{matrix}x\\y\\z\end{matrix}\right]',NULL,NULL,'2 x^{2} + 2 x y + 2 y^{2} + 2 y z + 2 z^{2}','sympy','claude','sympy','approved',0,'hard',0,0,0,'2026-06-28T18:44:49.229331+00:00','2026-06-28T18:51:06.249517+00:00');
INSERT INTO "problem" VALUES(315,35,'evaluate the double integral',NULL,NULL,NULL,'\int_{0}^{1}\!\int_{0}^{x} x y \, dy \, dx',NULL,NULL,'\frac{1}{8}','sympy','claude','sympy','approved',0,'medium',0,0,0,'2026-06-28T18:44:49.433376+00:00','2026-06-28T18:48:52.491837+00:00');
INSERT INTO "problem" VALUES(316,35,'evaluate the double integral',NULL,NULL,NULL,'\int_{0}^{1}\!\int_{0}^{1} x + y \, dy \, dx',NULL,NULL,'1','sympy','claude','sympy','approved',0,'medium',0,0,0,'2026-06-28T18:44:49.433411+00:00','2026-06-28T18:48:52.491837+00:00');
INSERT INTO "problem" VALUES(317,35,'evaluate the double integral',NULL,NULL,NULL,'\int_{0}^{1}\!\int_{0}^{2} x^{2} y \, dy \, dx',NULL,NULL,'\frac{2}{3}','sympy','claude','sympy','approved',0,'medium',0,0,0,'2026-06-28T18:44:49.433421+00:00','2026-06-28T18:48:52.491837+00:00');
INSERT INTO "problem" VALUES(318,35,'evaluate the double integral',NULL,NULL,NULL,'\int_{0}^{1}\!\int_{0}^{x} 1 \, dy \, dx',NULL,NULL,'\frac{1}{2}','sympy','claude','sympy','approved',0,'medium',0,0,0,'2026-06-28T18:44:49.433430+00:00','2026-06-28T18:48:52.491837+00:00');
INSERT INTO "problem" VALUES(319,35,'evaluate the double integral',NULL,NULL,NULL,'\int_{0}^{1}\!\int_{0}^{1} x y \, dy \, dx',NULL,NULL,'\frac{1}{4}','sympy','claude','sympy','approved',0,'medium',0,0,0,'2026-06-28T18:44:49.433436+00:00','2026-06-28T18:48:52.491837+00:00');
INSERT INTO "problem" VALUES(320,35,'evaluate the double integral',NULL,NULL,NULL,'\int_{0}^{1}\!\int_{0}^{1} e^{x + y} \, dy \, dx',NULL,NULL,'\left(-1 + e\right)^{2}','sympy','claude','sympy','approved',0,'medium',1,0,0,'2026-06-28T18:44:49.433442+00:00','2026-06-28T18:48:52.491837+00:00');
INSERT INTO "problem" VALUES(321,35,'evaluate the double integral',NULL,NULL,NULL,'\int_{0}^{1}\!\int_{x^{2}}^{x} x y \, dy \, dx',NULL,NULL,'\frac{1}{24}','sympy','claude','sympy','approved',0,'hard',0,0,0,'2026-06-28T18:44:49.433449+00:00','2026-06-28T18:48:52.491837+00:00');
INSERT INTO "problem" VALUES(322,35,'evaluate the double integral',NULL,NULL,NULL,'\int_{0}^{2}\!\int_{0}^{x} y \, dy \, dx',NULL,NULL,'\frac{4}{3}','sympy','claude','sympy','approved',0,'medium',0,0,0,'2026-06-28T18:44:49.433480+00:00','2026-06-28T18:48:52.491837+00:00');
INSERT INTO "problem" VALUES(323,36,'reverse the order of integration',NULL,NULL,NULL,'\int_{0}^{1}\!\int_{0}^{x} 1 \, dy \, dx',NULL,NULL,'\int_{0}^{1}\!\int_{y}^{1} 1 \, dx \, dy','sympy','claude','sympy','approved',0,'medium',0,0,0,'2026-06-28T18:44:49.469285+00:00','2026-06-28T18:48:46.969003+00:00');
INSERT INTO "problem" VALUES(324,36,'reverse the order of integration',NULL,NULL,NULL,'\int_{0}^{1}\!\int_{0}^{x} x y \, dy \, dx',NULL,NULL,'\int_{0}^{1}\!\int_{y}^{1} x y \, dx \, dy','sympy','claude','sympy','approved',0,'medium',0,0,0,'2026-06-28T18:44:49.469320+00:00','2026-06-28T18:48:46.969003+00:00');
INSERT INTO "problem" VALUES(325,36,'reverse the order of integration',NULL,NULL,NULL,'\int_{0}^{2}\!\int_{0}^{x} x + y \, dy \, dx',NULL,NULL,'\int_{0}^{2}\!\int_{y}^{2} x + y \, dx \, dy','sympy','claude','sympy','approved',0,'hard',0,0,0,'2026-06-28T18:44:49.469330+00:00','2026-06-28T18:48:46.969003+00:00');
INSERT INTO "problem" VALUES(326,37,'find all critical points','f(x) = x^{2} - 4 x + 3',NULL,NULL,NULL,NULL,NULL,'x=2','sympy','claude','sympy','approved',0,'medium',0,0,0,'2026-06-28T18:44:49.507145+00:00','2026-06-28T18:48:38.207514+00:00');
INSERT INTO "problem" VALUES(327,37,'find all critical points','f(x) = x^{3} - 3 x',NULL,NULL,NULL,NULL,NULL,'x=-1,\ x=1','sympy','claude','sympy','approved',0,'medium',0,0,0,'2026-06-28T18:44:49.507179+00:00','2026-06-28T18:48:38.207514+00:00');
INSERT INTO "problem" VALUES(328,37,'find all critical points','f(x) = x^{4} - 2 x^{2}',NULL,NULL,NULL,NULL,NULL,'x=-1,\ x=0,\ x=1','sympy','claude','sympy','approved',0,'medium',0,0,0,'2026-06-28T18:44:49.507188+00:00','2026-06-28T18:48:38.207514+00:00');
INSERT INTO "problem" VALUES(329,37,'find all critical points','f(x) = x^{2} + 1',NULL,NULL,NULL,NULL,NULL,'x=0','sympy','claude','sympy','approved',0,'medium',0,0,0,'2026-06-28T18:44:49.507194+00:00','2026-06-28T18:48:38.207514+00:00');
INSERT INTO "problem" VALUES(330,37,'find all critical points','f(x) = x^{3} - 6 x^{2} + 9 x',NULL,NULL,NULL,NULL,NULL,'x=1,\ x=3','sympy','claude','sympy','approved',0,'medium',0,0,0,'2026-06-28T18:44:49.507200+00:00','2026-06-28T18:48:38.207514+00:00');
INSERT INTO "problem" VALUES(331,37,'find all critical points','f(x) = \sin{\left(x \right)}',NULL,NULL,NULL,NULL,NULL,'x=\frac{\pi}{2},\ x=\frac{3 \pi}{2}','sympy','claude','sympy','approved',0,'medium',0,0,1,'2026-06-28T18:44:49.507207+00:00','2026-06-28T18:48:38.207514+00:00');
INSERT INTO "problem" VALUES(332,37,'find all critical points','f(x) = x e^{- x}',NULL,NULL,NULL,NULL,NULL,'x=1','sympy','claude','sympy','approved',0,'medium',1,0,0,'2026-06-28T18:44:49.507213+00:00','2026-06-28T18:48:38.207514+00:00');
INSERT INTO "problem" VALUES(333,37,'find all critical points','f(x) = x^{4} - 4 x^{3}',NULL,NULL,NULL,NULL,NULL,'x=0,\ x=3','sympy','claude','sympy','approved',0,'hard',0,0,0,'2026-06-28T18:44:49.507219+00:00','2026-06-28T18:48:38.207514+00:00');
INSERT INTO "problem" VALUES(334,37,'find all critical points','f(x) = x^{3}',NULL,NULL,NULL,NULL,NULL,'x=0','sympy','claude','sympy','approved',1,'medium',0,0,0,'2026-06-28T18:44:49.507224+00:00','2026-06-28T18:48:38.207514+00:00');
INSERT INTO "problem" VALUES(335,37,'find all critical points','f(x) = 5',NULL,NULL,NULL,NULL,NULL,'\text{every } x \text{ (f is constant)}','sympy','claude','sympy','approved',1,'medium',0,0,0,'2026-06-28T18:44:49.507230+00:00','2026-06-28T18:48:38.207514+00:00');
INSERT INTO "problem" VALUES(336,37,'find all critical points','f(x) = e^{x}',NULL,NULL,NULL,NULL,NULL,'\text{none}','sympy','claude','sympy','approved',1,'medium',1,0,0,'2026-06-28T18:44:49.507236+00:00','2026-06-28T18:48:38.207514+00:00');
INSERT INTO "problem" VALUES(337,38,'find the local extrema','f(x) = x^{2} - 4 x + 3',NULL,NULL,NULL,NULL,NULL,'x = 2:\ \text{local min},\ f = -1','sympy','claude','sympy','approved',0,'medium',0,0,0,'2026-06-28T18:44:49.535950+00:00','2026-06-28T18:48:21.511296+00:00');
INSERT INTO "problem" VALUES(338,38,'find the local extrema','f(x) = x^{3} - 3 x',NULL,NULL,NULL,NULL,NULL,'\begin{array}{l}x = -1:\ \text{local max},\ f = 2 \\[3pt] x = 1:\ \text{local min},\ f = -2\end{array}','sympy','claude','sympy','approved',0,'medium',0,0,0,'2026-06-28T18:44:49.535984+00:00','2026-06-28T18:48:21.511296+00:00');
INSERT INTO "problem" VALUES(339,38,'find the local extrema','f(x) = x^{4} - 2 x^{2}',NULL,NULL,NULL,NULL,NULL,'\begin{array}{l}x = -1:\ \text{local min},\ f = -1 \\[3pt] x = 0:\ \text{local max},\ f = 0 \\[3pt] x = 1:\ \text{local min},\ f = -1\end{array}','sympy','claude','sympy','approved',0,'medium',0,0,0,'2026-06-28T18:44:49.535996+00:00','2026-06-28T18:48:21.511296+00:00');
INSERT INTO "problem" VALUES(340,38,'find the local extrema','f(x) = x^{2} + 1',NULL,NULL,NULL,NULL,NULL,'x = 0:\ \text{local min},\ f = 1','sympy','claude','sympy','approved',0,'medium',0,0,0,'2026-06-28T18:44:49.536002+00:00','2026-06-28T18:48:21.511296+00:00');
INSERT INTO "problem" VALUES(341,38,'find the local extrema','f(x) = x^{3} - 6 x^{2} + 9 x',NULL,NULL,NULL,NULL,NULL,'\begin{array}{l}x = 1:\ \text{local max},\ f = 4 \\[3pt] x = 3:\ \text{local min},\ f = 0\end{array}','sympy','claude','sympy','approved',0,'medium',0,0,0,'2026-06-28T18:44:49.536011+00:00','2026-06-28T18:48:21.511296+00:00');
INSERT INTO "problem" VALUES(342,38,'find the local extrema','f(x) = x + \frac{1}{x}',NULL,NULL,NULL,NULL,NULL,'\begin{array}{l}x = -1:\ \text{local max},\ f = -2 \\[3pt] x = 1:\ \text{local min},\ f = 2\end{array}','sympy','claude','sympy','approved',0,'medium',0,0,0,'2026-06-28T18:44:49.536019+00:00','2026-06-28T18:48:21.511296+00:00');
INSERT INTO "problem" VALUES(343,38,'find the local extrema','f(x) = x e^{- x}',NULL,NULL,NULL,NULL,NULL,'x = 1:\ \text{local max},\ f = e^{-1}','sympy','claude','sympy','approved',0,'medium',1,0,0,'2026-06-28T18:44:49.536025+00:00','2026-06-28T18:48:21.511296+00:00');
INSERT INTO "problem" VALUES(344,38,'find the local extrema','f(x) = x^{2} e^{- x}',NULL,NULL,NULL,NULL,NULL,'\begin{array}{l}x = 0:\ \text{local min},\ f = 0 \\[3pt] x = 2:\ \text{local max},\ f = \frac{4}{e^{2}}\end{array}','sympy','claude','sympy','approved',0,'medium',1,0,0,'2026-06-28T18:44:49.536030+00:00','2026-06-28T18:48:21.511296+00:00');
INSERT INTO "problem" VALUES(345,38,'find the local extrema','f(x) = e^{x}',NULL,NULL,NULL,NULL,NULL,'\text{no local extrema (no critical points)}','sympy','claude','sympy','approved',1,'medium',1,0,0,'2026-06-28T18:44:49.536062+00:00','2026-06-28T18:48:21.511296+00:00');
INSERT INTO "problem" VALUES(346,38,'find the local extrema','f(x) = x^{4} - 4 x^{3}',NULL,NULL,NULL,NULL,NULL,'x = 3:\ \text{local min},\ f = -27','sympy','claude','sympy','approved',0,'hard',0,0,0,'2026-06-28T18:44:49.536070+00:00','2026-06-28T18:48:21.511296+00:00');
INSERT INTO "problem" VALUES(347,39,'find the expected value','X \sim \text{Exponential}(\lambda)','f(x) = \lambda e^{-\lambda x}, \quad x \ge 0',NULL,'\mathbb{E}[X]',NULL,NULL,'\frac{1}{\lambda}','sympy','claude','sympy','approved',0,'medium',1,0,0,'2026-06-28T18:44:51.059759+00:00','2026-06-28T18:51:24.257333+00:00');
INSERT INTO "problem" VALUES(348,39,'find the expected value','X \sim \text{Exponential}(\lambda)','f(x) = \lambda e^{-\lambda x}, \quad x \ge 0',NULL,'\mathbb{E}[X^2]',NULL,NULL,'\frac{2}{\lambda^{2}}','sympy','claude','sympy','approved',0,'medium',1,0,0,'2026-06-28T18:44:51.059913+00:00','2026-06-28T18:51:24.257333+00:00');
INSERT INTO "problem" VALUES(349,39,'find the expected value','X \sim \text{Exponential}(\lambda)','f(x) = \lambda e^{-\lambda x}, \quad x \ge 0',NULL,'\mathbb{E}[X^3]',NULL,NULL,'\frac{6}{\lambda^{3}}','sympy','claude','sympy','approved',0,'medium',1,0,0,'2026-06-28T18:44:51.059967+00:00','2026-06-28T18:51:24.257333+00:00');
INSERT INTO "problem" VALUES(350,39,'find the expected value','X \sim \text{Uniform}(0, a)','f(x) = \frac{1}{a}, \quad 0 \le x \le a',NULL,'\mathbb{E}[X]',NULL,NULL,'\frac{a}{2}','sympy','claude','sympy','approved',0,'medium',0,0,0,'2026-06-28T18:44:51.060692+00:00','2026-06-28T18:51:24.257333+00:00');
INSERT INTO "problem" VALUES(351,39,'find the expected value','X \sim \text{Uniform}(0, a)','f(x) = \frac{1}{a}, \quad 0 \le x \le a',NULL,'\mathbb{E}[X^2]',NULL,NULL,'\frac{a^{2}}{3}','sympy','claude','sympy','approved',0,'medium',0,0,0,'2026-06-28T18:44:51.060721+00:00','2026-06-28T18:51:24.257333+00:00');
INSERT INTO "problem" VALUES(352,39,'find the expected value','X \sim \text{Poisson}(\mu)','p(k) = \frac{\mu^{k} e^{-\mu}}{k!}, \quad k = 0, 1, 2, \ldots',NULL,'\mathbb{E}[X]',NULL,NULL,'\mu','sympy','claude','sympy','approved',0,'medium',1,0,0,'2026-06-28T18:44:51.060741+00:00','2026-06-28T18:51:24.257333+00:00');
INSERT INTO "problem" VALUES(353,39,'find the expected value','X \sim \text{Poisson}(\mu)','p(k) = \frac{\mu^{k} e^{-\mu}}{k!}, \quad k = 0, 1, 2, \ldots',NULL,'\mathbb{E}[X(X-1)]',NULL,NULL,'\mu^{2}','sympy','claude','sympy','approved',0,'medium',1,0,0,'2026-06-28T18:44:51.060761+00:00','2026-06-28T18:51:24.257333+00:00');
INSERT INTO "problem" VALUES(354,39,'find the expected value','X \sim \text{Geometric}(p)','p(k) = (1 - p)^{k} p, \quad k = 0, 1, 2, \ldots',NULL,'\mathbb{E}[X]',NULL,NULL,'\frac{1 - p}{p}','sympy','claude','sympy','approved',0,'medium',0,0,0,'2026-06-28T18:44:51.060783+00:00','2026-06-28T18:51:24.257333+00:00');
INSERT INTO "problem" VALUES(355,40,'find the variance','X \sim \text{Exponential}(\lambda)','f(x) = \lambda e^{-\lambda x}, \quad x \ge 0',NULL,'\operatorname{Var}(X)',NULL,NULL,'\frac{1}{\lambda^{2}}','sympy','claude','sympy','approved',0,'medium',1,0,0,'2026-06-28T18:44:51.546482+00:00','2026-06-28T18:51:22.972335+00:00');
INSERT INTO "problem" VALUES(356,40,'find the variance','X \sim \text{Uniform}(0, a)','f(x) = \frac{1}{a}, \quad 0 \le x \le a',NULL,'\operatorname{Var}(X)',NULL,NULL,'\frac{a^{2}}{12}','sympy','claude','sympy','approved',0,'medium',0,0,0,'2026-06-28T18:44:51.546519+00:00','2026-06-28T18:51:22.972335+00:00');
INSERT INTO "problem" VALUES(357,40,'find the variance','X \sim \text{Poisson}(\mu)','p(k) = \frac{\mu^{k} e^{-\mu}}{k!}, \quad k = 0, 1, 2, \ldots',NULL,'\operatorname{Var}(X)',NULL,NULL,'\mu','sympy','claude','sympy','approved',0,'medium',1,0,0,'2026-06-28T18:44:51.546528+00:00','2026-06-28T18:51:22.972335+00:00');
INSERT INTO "problem" VALUES(358,40,'find the variance','X \sim \text{Geometric}(p)','p(k) = (1 - p)^{k} p, \quad k = 0, 1, 2, \ldots',NULL,'\operatorname{Var}(X)',NULL,NULL,'\frac{1 - p}{p^{2}}','sympy','claude','sympy','approved',0,'medium',0,0,0,'2026-06-28T18:44:51.546536+00:00','2026-06-28T18:51:22.972335+00:00');
INSERT INTO "problem" VALUES(359,41,'find the MLE','X_1, \ldots, X_n \overset{\text{iid}}{\sim} \text{Exponential}(\lambda)',NULL,NULL,'\hat{\lambda}_{\text{MLE}}',NULL,NULL,'\hat\lambda = 1/\bar X','sympy','claude','sympy','approved',0,'medium',0,0,0,'2026-06-28T18:44:51.567746+00:00','2026-06-28T18:47:21.873668+00:00');
INSERT INTO "problem" VALUES(360,41,'find the MLE','X_1, \ldots, X_n \overset{\text{iid}}{\sim} \text{Poisson}(\lambda)',NULL,NULL,'\hat{\lambda}_{\text{MLE}}',NULL,NULL,'\hat\lambda = \bar X','sympy','claude','sympy','approved',0,'medium',0,0,0,'2026-06-28T18:44:51.567784+00:00','2026-06-28T18:47:21.873668+00:00');
INSERT INTO "problem" VALUES(361,41,'find the MLE','X_1, \ldots, X_n \overset{\text{iid}}{\sim} \text{Bernoulli}(p)',NULL,NULL,'\hat{p}_{\text{MLE}}',NULL,NULL,'\hat p = \bar X','sympy','claude','sympy','approved',0,'medium',0,0,0,'2026-06-28T18:44:51.567821+00:00','2026-06-28T18:47:21.873668+00:00');
INSERT INTO "problem" VALUES(362,41,'find the MLE','X_1, \ldots, X_n \overset{\text{iid}}{\sim} \text{Geometric}(p)',NULL,NULL,'\hat{p}_{\text{MLE}}',NULL,NULL,'\hat p = 1/(1 + \bar X)','sympy','claude','sympy','approved',0,'hard',0,0,0,'2026-06-28T18:44:51.567840+00:00','2026-06-28T18:47:21.873668+00:00');
CREATE TABLE problem_set (
    id               INTEGER PRIMARY KEY,
    n_attempts       INTEGER NOT NULL DEFAULT 0,
    n_correct        INTEGER NOT NULL DEFAULT 0,
    finish_time      REAL,    -- total seconds across the set (set at finalize)
    time_per_problem REAL,    -- average seconds (set at finalize)
    created_at       TEXT NOT NULL
);
INSERT INTO "problem_set" VALUES(1,2,2,9.026,4.513,'2026-06-28T18:52:16.489941+00:00');
INSERT INTO "problem_set" VALUES(2,0,0,NULL,NULL,'2026-06-30T00:16:10.880599+00:00');
INSERT INTO "problem_set" VALUES(3,0,0,NULL,NULL,'2026-06-30T00:26:12.627934+00:00');
INSERT INTO "problem_set" VALUES(4,5,3,32.678,6.5356,'2026-06-30T01:09:07.057709+00:00');
INSERT INTO "problem_set" VALUES(5,5,5,51.929,10.3858,'2026-06-30T01:10:48.027600+00:00');
CREATE TABLE problem_subtype (
    problem_id INTEGER NOT NULL REFERENCES problem(id),
    subtype_id INTEGER NOT NULL REFERENCES subtype(id),
    PRIMARY KEY (problem_id, subtype_id)
);
INSERT INTO "problem_subtype" VALUES(1,1);
INSERT INTO "problem_subtype" VALUES(2,1);
INSERT INTO "problem_subtype" VALUES(3,1);
INSERT INTO "problem_subtype" VALUES(4,1);
INSERT INTO "problem_subtype" VALUES(5,1);
INSERT INTO "problem_subtype" VALUES(6,1);
INSERT INTO "problem_subtype" VALUES(7,1);
INSERT INTO "problem_subtype" VALUES(8,1);
INSERT INTO "problem_subtype" VALUES(9,1);
INSERT INTO "problem_subtype" VALUES(10,1);
INSERT INTO "problem_subtype" VALUES(11,1);
INSERT INTO "problem_subtype" VALUES(12,1);
INSERT INTO "problem_subtype" VALUES(13,1);
INSERT INTO "problem_subtype" VALUES(14,1);
INSERT INTO "problem_subtype" VALUES(15,1);
INSERT INTO "problem_subtype" VALUES(16,2);
INSERT INTO "problem_subtype" VALUES(17,2);
INSERT INTO "problem_subtype" VALUES(18,2);
INSERT INTO "problem_subtype" VALUES(19,2);
INSERT INTO "problem_subtype" VALUES(20,2);
INSERT INTO "problem_subtype" VALUES(21,2);
INSERT INTO "problem_subtype" VALUES(22,2);
INSERT INTO "problem_subtype" VALUES(23,2);
INSERT INTO "problem_subtype" VALUES(24,2);
INSERT INTO "problem_subtype" VALUES(25,2);
INSERT INTO "problem_subtype" VALUES(26,3);
INSERT INTO "problem_subtype" VALUES(27,3);
INSERT INTO "problem_subtype" VALUES(28,3);
INSERT INTO "problem_subtype" VALUES(29,3);
INSERT INTO "problem_subtype" VALUES(30,3);
INSERT INTO "problem_subtype" VALUES(31,3);
INSERT INTO "problem_subtype" VALUES(32,3);
INSERT INTO "problem_subtype" VALUES(101,4);
INSERT INTO "problem_subtype" VALUES(102,4);
INSERT INTO "problem_subtype" VALUES(103,4);
INSERT INTO "problem_subtype" VALUES(104,4);
INSERT INTO "problem_subtype" VALUES(105,4);
INSERT INTO "problem_subtype" VALUES(106,4);
INSERT INTO "problem_subtype" VALUES(107,4);
INSERT INTO "problem_subtype" VALUES(108,4);
INSERT INTO "problem_subtype" VALUES(109,4);
INSERT INTO "problem_subtype" VALUES(110,4);
INSERT INTO "problem_subtype" VALUES(111,5);
INSERT INTO "problem_subtype" VALUES(112,5);
INSERT INTO "problem_subtype" VALUES(113,5);
INSERT INTO "problem_subtype" VALUES(114,5);
INSERT INTO "problem_subtype" VALUES(115,5);
INSERT INTO "problem_subtype" VALUES(116,5);
INSERT INTO "problem_subtype" VALUES(117,5);
INSERT INTO "problem_subtype" VALUES(118,5);
INSERT INTO "problem_subtype" VALUES(119,5);
INSERT INTO "problem_subtype" VALUES(120,5);
INSERT INTO "problem_subtype" VALUES(121,6);
INSERT INTO "problem_subtype" VALUES(122,6);
INSERT INTO "problem_subtype" VALUES(123,6);
INSERT INTO "problem_subtype" VALUES(124,6);
INSERT INTO "problem_subtype" VALUES(125,6);
INSERT INTO "problem_subtype" VALUES(126,6);
INSERT INTO "problem_subtype" VALUES(127,6);
INSERT INTO "problem_subtype" VALUES(128,6);
INSERT INTO "problem_subtype" VALUES(129,6);
INSERT INTO "problem_subtype" VALUES(130,6);
INSERT INTO "problem_subtype" VALUES(131,7);
INSERT INTO "problem_subtype" VALUES(132,7);
INSERT INTO "problem_subtype" VALUES(133,7);
INSERT INTO "problem_subtype" VALUES(134,7);
INSERT INTO "problem_subtype" VALUES(135,7);
INSERT INTO "problem_subtype" VALUES(172,8);
INSERT INTO "problem_subtype" VALUES(173,8);
INSERT INTO "problem_subtype" VALUES(174,8);
INSERT INTO "problem_subtype" VALUES(175,8);
INSERT INTO "problem_subtype" VALUES(176,8);
INSERT INTO "problem_subtype" VALUES(177,8);
INSERT INTO "problem_subtype" VALUES(178,8);
INSERT INTO "problem_subtype" VALUES(179,8);
INSERT INTO "problem_subtype" VALUES(180,8);
INSERT INTO "problem_subtype" VALUES(181,8);
INSERT INTO "problem_subtype" VALUES(182,9);
INSERT INTO "problem_subtype" VALUES(183,9);
INSERT INTO "problem_subtype" VALUES(184,9);
INSERT INTO "problem_subtype" VALUES(185,9);
INSERT INTO "problem_subtype" VALUES(186,9);
INSERT INTO "problem_subtype" VALUES(187,9);
INSERT INTO "problem_subtype" VALUES(188,9);
INSERT INTO "problem_subtype" VALUES(189,9);
INSERT INTO "problem_subtype" VALUES(190,9);
INSERT INTO "problem_subtype" VALUES(191,9);
INSERT INTO "problem_subtype" VALUES(192,10);
INSERT INTO "problem_subtype" VALUES(193,10);
INSERT INTO "problem_subtype" VALUES(194,10);
INSERT INTO "problem_subtype" VALUES(195,10);
INSERT INTO "problem_subtype" VALUES(196,10);
INSERT INTO "problem_subtype" VALUES(197,10);
INSERT INTO "problem_subtype" VALUES(227,11);
INSERT INTO "problem_subtype" VALUES(228,11);
INSERT INTO "problem_subtype" VALUES(229,11);
INSERT INTO "problem_subtype" VALUES(230,11);
INSERT INTO "problem_subtype" VALUES(231,11);
INSERT INTO "problem_subtype" VALUES(232,11);
INSERT INTO "problem_subtype" VALUES(233,11);
INSERT INTO "problem_subtype" VALUES(234,11);
INSERT INTO "problem_subtype" VALUES(235,11);
INSERT INTO "problem_subtype" VALUES(236,12);
INSERT INTO "problem_subtype" VALUES(237,12);
INSERT INTO "problem_subtype" VALUES(238,12);
INSERT INTO "problem_subtype" VALUES(239,12);
INSERT INTO "problem_subtype" VALUES(240,13);
INSERT INTO "problem_subtype" VALUES(241,13);
INSERT INTO "problem_subtype" VALUES(242,13);
INSERT INTO "problem_subtype" VALUES(243,13);
INSERT INTO "problem_subtype" VALUES(244,13);
INSERT INTO "problem_subtype" VALUES(245,13);
INSERT INTO "problem_subtype" VALUES(246,13);
INSERT INTO "problem_subtype" VALUES(247,13);
INSERT INTO "problem_subtype" VALUES(278,14);
INSERT INTO "problem_subtype" VALUES(279,14);
INSERT INTO "problem_subtype" VALUES(280,14);
INSERT INTO "problem_subtype" VALUES(281,14);
INSERT INTO "problem_subtype" VALUES(282,14);
INSERT INTO "problem_subtype" VALUES(283,14);
INSERT INTO "problem_subtype" VALUES(284,14);
INSERT INTO "problem_subtype" VALUES(285,14);
INSERT INTO "problem_subtype" VALUES(286,15);
INSERT INTO "problem_subtype" VALUES(287,15);
INSERT INTO "problem_subtype" VALUES(288,15);
INSERT INTO "problem_subtype" VALUES(289,15);
INSERT INTO "problem_subtype" VALUES(290,15);
CREATE TABLE problem_type (
    problem_id INTEGER NOT NULL REFERENCES problem(id),
    type_id    INTEGER NOT NULL REFERENCES type(id),
    PRIMARY KEY (problem_id, type_id)
);
INSERT INTO "problem_type" VALUES(1,8);
INSERT INTO "problem_type" VALUES(2,8);
INSERT INTO "problem_type" VALUES(3,8);
INSERT INTO "problem_type" VALUES(4,8);
INSERT INTO "problem_type" VALUES(5,8);
INSERT INTO "problem_type" VALUES(6,8);
INSERT INTO "problem_type" VALUES(7,8);
INSERT INTO "problem_type" VALUES(8,8);
INSERT INTO "problem_type" VALUES(9,8);
INSERT INTO "problem_type" VALUES(10,8);
INSERT INTO "problem_type" VALUES(11,8);
INSERT INTO "problem_type" VALUES(12,8);
INSERT INTO "problem_type" VALUES(13,8);
INSERT INTO "problem_type" VALUES(14,8);
INSERT INTO "problem_type" VALUES(15,8);
INSERT INTO "problem_type" VALUES(16,8);
INSERT INTO "problem_type" VALUES(17,8);
INSERT INTO "problem_type" VALUES(18,8);
INSERT INTO "problem_type" VALUES(19,8);
INSERT INTO "problem_type" VALUES(20,8);
INSERT INTO "problem_type" VALUES(21,8);
INSERT INTO "problem_type" VALUES(22,8);
INSERT INTO "problem_type" VALUES(23,8);
INSERT INTO "problem_type" VALUES(24,8);
INSERT INTO "problem_type" VALUES(25,8);
INSERT INTO "problem_type" VALUES(26,8);
INSERT INTO "problem_type" VALUES(27,8);
INSERT INTO "problem_type" VALUES(28,8);
INSERT INTO "problem_type" VALUES(29,8);
INSERT INTO "problem_type" VALUES(30,8);
INSERT INTO "problem_type" VALUES(31,8);
INSERT INTO "problem_type" VALUES(32,8);
INSERT INTO "problem_type" VALUES(33,10);
INSERT INTO "problem_type" VALUES(34,10);
INSERT INTO "problem_type" VALUES(35,10);
INSERT INTO "problem_type" VALUES(36,10);
INSERT INTO "problem_type" VALUES(37,10);
INSERT INTO "problem_type" VALUES(38,10);
INSERT INTO "problem_type" VALUES(39,10);
INSERT INTO "problem_type" VALUES(40,10);
INSERT INTO "problem_type" VALUES(41,10);
INSERT INTO "problem_type" VALUES(42,10);
INSERT INTO "problem_type" VALUES(43,9);
INSERT INTO "problem_type" VALUES(44,9);
INSERT INTO "problem_type" VALUES(45,9);
INSERT INTO "problem_type" VALUES(46,9);
INSERT INTO "problem_type" VALUES(47,9);
INSERT INTO "problem_type" VALUES(48,9);
INSERT INTO "problem_type" VALUES(49,9);
INSERT INTO "problem_type" VALUES(50,9);
INSERT INTO "problem_type" VALUES(51,9);
INSERT INTO "problem_type" VALUES(52,9);
INSERT INTO "problem_type" VALUES(53,9);
INSERT INTO "problem_type" VALUES(54,9);
INSERT INTO "problem_type" VALUES(55,9);
INSERT INTO "problem_type" VALUES(56,9);
INSERT INTO "problem_type" VALUES(57,9);
INSERT INTO "problem_type" VALUES(58,9);
INSERT INTO "problem_type" VALUES(59,14);
INSERT INTO "problem_type" VALUES(60,14);
INSERT INTO "problem_type" VALUES(61,14);
INSERT INTO "problem_type" VALUES(62,14);
INSERT INTO "problem_type" VALUES(63,14);
INSERT INTO "problem_type" VALUES(64,14);
INSERT INTO "problem_type" VALUES(65,14);
INSERT INTO "problem_type" VALUES(66,14);
INSERT INTO "problem_type" VALUES(67,14);
INSERT INTO "problem_type" VALUES(68,14);
INSERT INTO "problem_type" VALUES(69,15);
INSERT INTO "problem_type" VALUES(70,15);
INSERT INTO "problem_type" VALUES(71,15);
INSERT INTO "problem_type" VALUES(72,15);
INSERT INTO "problem_type" VALUES(73,15);
INSERT INTO "problem_type" VALUES(74,15);
INSERT INTO "problem_type" VALUES(75,15);
INSERT INTO "problem_type" VALUES(76,15);
INSERT INTO "problem_type" VALUES(77,15);
INSERT INTO "problem_type" VALUES(78,15);
INSERT INTO "problem_type" VALUES(79,13);
INSERT INTO "problem_type" VALUES(80,13);
INSERT INTO "problem_type" VALUES(81,13);
INSERT INTO "problem_type" VALUES(82,13);
INSERT INTO "problem_type" VALUES(83,13);
INSERT INTO "problem_type" VALUES(84,13);
INSERT INTO "problem_type" VALUES(85,13);
INSERT INTO "problem_type" VALUES(86,13);
INSERT INTO "problem_type" VALUES(87,13);
INSERT INTO "problem_type" VALUES(88,13);
INSERT INTO "problem_type" VALUES(89,13);
INSERT INTO "problem_type" VALUES(90,13);
INSERT INTO "problem_type" VALUES(91,1);
INSERT INTO "problem_type" VALUES(92,1);
INSERT INTO "problem_type" VALUES(93,1);
INSERT INTO "problem_type" VALUES(94,1);
INSERT INTO "problem_type" VALUES(95,1);
INSERT INTO "problem_type" VALUES(96,1);
INSERT INTO "problem_type" VALUES(97,1);
INSERT INTO "problem_type" VALUES(98,1);
INSERT INTO "problem_type" VALUES(99,1);
INSERT INTO "problem_type" VALUES(100,1);
INSERT INTO "problem_type" VALUES(101,1);
INSERT INTO "problem_type" VALUES(102,1);
INSERT INTO "problem_type" VALUES(103,1);
INSERT INTO "problem_type" VALUES(104,1);
INSERT INTO "problem_type" VALUES(105,1);
INSERT INTO "problem_type" VALUES(106,1);
INSERT INTO "problem_type" VALUES(107,1);
INSERT INTO "problem_type" VALUES(108,1);
INSERT INTO "problem_type" VALUES(109,1);
INSERT INTO "problem_type" VALUES(110,1);
INSERT INTO "problem_type" VALUES(111,1);
INSERT INTO "problem_type" VALUES(112,1);
INSERT INTO "problem_type" VALUES(113,1);
INSERT INTO "problem_type" VALUES(114,1);
INSERT INTO "problem_type" VALUES(115,1);
INSERT INTO "problem_type" VALUES(116,1);
INSERT INTO "problem_type" VALUES(117,1);
INSERT INTO "problem_type" VALUES(118,1);
INSERT INTO "problem_type" VALUES(119,1);
INSERT INTO "problem_type" VALUES(120,1);
INSERT INTO "problem_type" VALUES(121,1);
INSERT INTO "problem_type" VALUES(122,1);
INSERT INTO "problem_type" VALUES(123,1);
INSERT INTO "problem_type" VALUES(124,1);
INSERT INTO "problem_type" VALUES(125,1);
INSERT INTO "problem_type" VALUES(126,1);
INSERT INTO "problem_type" VALUES(127,1);
INSERT INTO "problem_type" VALUES(128,1);
INSERT INTO "problem_type" VALUES(129,1);
INSERT INTO "problem_type" VALUES(130,1);
INSERT INTO "problem_type" VALUES(131,1);
INSERT INTO "problem_type" VALUES(132,1);
INSERT INTO "problem_type" VALUES(133,1);
INSERT INTO "problem_type" VALUES(134,1);
INSERT INTO "problem_type" VALUES(135,1);
INSERT INTO "problem_type" VALUES(136,16);
INSERT INTO "problem_type" VALUES(137,16);
INSERT INTO "problem_type" VALUES(138,16);
INSERT INTO "problem_type" VALUES(139,16);
INSERT INTO "problem_type" VALUES(140,16);
INSERT INTO "problem_type" VALUES(141,16);
INSERT INTO "problem_type" VALUES(142,16);
INSERT INTO "problem_type" VALUES(143,16);
INSERT INTO "problem_type" VALUES(144,16);
INSERT INTO "problem_type" VALUES(145,16);
INSERT INTO "problem_type" VALUES(146,11);
INSERT INTO "problem_type" VALUES(147,11);
INSERT INTO "problem_type" VALUES(148,11);
INSERT INTO "problem_type" VALUES(149,11);
INSERT INTO "problem_type" VALUES(150,11);
INSERT INTO "problem_type" VALUES(151,11);
INSERT INTO "problem_type" VALUES(152,11);
INSERT INTO "problem_type" VALUES(153,11);
INSERT INTO "problem_type" VALUES(154,11);
INSERT INTO "problem_type" VALUES(155,11);
INSERT INTO "problem_type" VALUES(156,17);
INSERT INTO "problem_type" VALUES(157,17);
INSERT INTO "problem_type" VALUES(158,17);
INSERT INTO "problem_type" VALUES(159,17);
INSERT INTO "problem_type" VALUES(160,17);
INSERT INTO "problem_type" VALUES(161,17);
INSERT INTO "problem_type" VALUES(162,2);
INSERT INTO "problem_type" VALUES(163,2);
INSERT INTO "problem_type" VALUES(164,2);
INSERT INTO "problem_type" VALUES(165,2);
INSERT INTO "problem_type" VALUES(166,2);
INSERT INTO "problem_type" VALUES(167,2);
INSERT INTO "problem_type" VALUES(168,2);
INSERT INTO "problem_type" VALUES(169,2);
INSERT INTO "problem_type" VALUES(170,2);
INSERT INTO "problem_type" VALUES(171,2);
INSERT INTO "problem_type" VALUES(172,2);
INSERT INTO "problem_type" VALUES(173,2);
INSERT INTO "problem_type" VALUES(174,2);
INSERT INTO "problem_type" VALUES(175,2);
INSERT INTO "problem_type" VALUES(176,2);
INSERT INTO "problem_type" VALUES(177,2);
INSERT INTO "problem_type" VALUES(178,2);
INSERT INTO "problem_type" VALUES(179,2);
INSERT INTO "problem_type" VALUES(180,2);
INSERT INTO "problem_type" VALUES(181,2);
INSERT INTO "problem_type" VALUES(182,2);
INSERT INTO "problem_type" VALUES(183,2);
INSERT INTO "problem_type" VALUES(184,2);
INSERT INTO "problem_type" VALUES(185,2);
INSERT INTO "problem_type" VALUES(186,2);
INSERT INTO "problem_type" VALUES(187,2);
INSERT INTO "problem_type" VALUES(188,2);
INSERT INTO "problem_type" VALUES(189,2);
INSERT INTO "problem_type" VALUES(190,2);
INSERT INTO "problem_type" VALUES(191,2);
INSERT INTO "problem_type" VALUES(192,2);
INSERT INTO "problem_type" VALUES(193,2);
INSERT INTO "problem_type" VALUES(194,2);
INSERT INTO "problem_type" VALUES(195,2);
INSERT INTO "problem_type" VALUES(196,2);
INSERT INTO "problem_type" VALUES(197,2);
INSERT INTO "problem_type" VALUES(198,3);
INSERT INTO "problem_type" VALUES(199,3);
INSERT INTO "problem_type" VALUES(200,3);
INSERT INTO "problem_type" VALUES(201,3);
INSERT INTO "problem_type" VALUES(202,3);
INSERT INTO "problem_type" VALUES(203,3);
INSERT INTO "problem_type" VALUES(204,3);
INSERT INTO "problem_type" VALUES(205,3);
INSERT INTO "problem_type" VALUES(206,3);
INSERT INTO "problem_type" VALUES(207,3);
INSERT INTO "problem_type" VALUES(208,3);
INSERT INTO "problem_type" VALUES(209,3);
INSERT INTO "problem_type" VALUES(210,3);
INSERT INTO "problem_type" VALUES(211,3);
INSERT INTO "problem_type" VALUES(212,18);
INSERT INTO "problem_type" VALUES(213,18);
INSERT INTO "problem_type" VALUES(214,18);
INSERT INTO "problem_type" VALUES(215,18);
INSERT INTO "problem_type" VALUES(216,18);
INSERT INTO "problem_type" VALUES(217,18);
INSERT INTO "problem_type" VALUES(218,18);
INSERT INTO "problem_type" VALUES(219,18);
INSERT INTO "problem_type" VALUES(220,18);
INSERT INTO "problem_type" VALUES(221,19);
INSERT INTO "problem_type" VALUES(222,19);
INSERT INTO "problem_type" VALUES(223,19);
INSERT INTO "problem_type" VALUES(224,19);
INSERT INTO "problem_type" VALUES(225,19);
INSERT INTO "problem_type" VALUES(226,19);
INSERT INTO "problem_type" VALUES(227,20);
INSERT INTO "problem_type" VALUES(228,20);
INSERT INTO "problem_type" VALUES(229,20);
INSERT INTO "problem_type" VALUES(230,20);
INSERT INTO "problem_type" VALUES(231,20);
INSERT INTO "problem_type" VALUES(232,20);
INSERT INTO "problem_type" VALUES(233,20);
INSERT INTO "problem_type" VALUES(234,20);
INSERT INTO "problem_type" VALUES(235,20);
INSERT INTO "problem_type" VALUES(236,20);
INSERT INTO "problem_type" VALUES(237,20);
INSERT INTO "problem_type" VALUES(238,20);
INSERT INTO "problem_type" VALUES(239,20);
INSERT INTO "problem_type" VALUES(240,20);
INSERT INTO "problem_type" VALUES(241,20);
INSERT INTO "problem_type" VALUES(242,20);
INSERT INTO "problem_type" VALUES(243,20);
INSERT INTO "problem_type" VALUES(244,20);
INSERT INTO "problem_type" VALUES(245,20);
INSERT INTO "problem_type" VALUES(246,20);
INSERT INTO "problem_type" VALUES(247,20);
INSERT INTO "problem_type" VALUES(248,21);
INSERT INTO "problem_type" VALUES(249,21);
INSERT INTO "problem_type" VALUES(250,21);
INSERT INTO "problem_type" VALUES(251,21);
INSERT INTO "problem_type" VALUES(252,21);
INSERT INTO "problem_type" VALUES(253,21);
INSERT INTO "problem_type" VALUES(254,21);
INSERT INTO "problem_type" VALUES(255,21);
INSERT INTO "problem_type" VALUES(256,21);
INSERT INTO "problem_type" VALUES(257,21);
INSERT INTO "problem_type" VALUES(258,22);
INSERT INTO "problem_type" VALUES(259,22);
INSERT INTO "problem_type" VALUES(260,22);
INSERT INTO "problem_type" VALUES(261,22);
INSERT INTO "problem_type" VALUES(262,22);
INSERT INTO "problem_type" VALUES(263,22);
INSERT INTO "problem_type" VALUES(264,22);
INSERT INTO "problem_type" VALUES(265,22);
INSERT INTO "problem_type" VALUES(266,22);
INSERT INTO "problem_type" VALUES(267,22);
INSERT INTO "problem_type" VALUES(268,23);
INSERT INTO "problem_type" VALUES(269,23);
INSERT INTO "problem_type" VALUES(270,23);
INSERT INTO "problem_type" VALUES(271,23);
INSERT INTO "problem_type" VALUES(272,23);
INSERT INTO "problem_type" VALUES(273,23);
INSERT INTO "problem_type" VALUES(274,23);
INSERT INTO "problem_type" VALUES(275,23);
INSERT INTO "problem_type" VALUES(276,23);
INSERT INTO "problem_type" VALUES(277,23);
INSERT INTO "problem_type" VALUES(278,23);
INSERT INTO "problem_type" VALUES(279,23);
INSERT INTO "problem_type" VALUES(280,23);
INSERT INTO "problem_type" VALUES(281,23);
INSERT INTO "problem_type" VALUES(282,23);
INSERT INTO "problem_type" VALUES(283,23);
INSERT INTO "problem_type" VALUES(284,23);
INSERT INTO "problem_type" VALUES(285,23);
INSERT INTO "problem_type" VALUES(286,23);
INSERT INTO "problem_type" VALUES(287,23);
INSERT INTO "problem_type" VALUES(288,23);
INSERT INTO "problem_type" VALUES(289,23);
INSERT INTO "problem_type" VALUES(290,23);
INSERT INTO "problem_type" VALUES(291,24);
INSERT INTO "problem_type" VALUES(292,24);
INSERT INTO "problem_type" VALUES(293,24);
INSERT INTO "problem_type" VALUES(294,24);
INSERT INTO "problem_type" VALUES(295,24);
INSERT INTO "problem_type" VALUES(296,24);
INSERT INTO "problem_type" VALUES(297,24);
INSERT INTO "problem_type" VALUES(298,24);
INSERT INTO "problem_type" VALUES(299,24);
INSERT INTO "problem_type" VALUES(300,24);
INSERT INTO "problem_type" VALUES(301,25);
INSERT INTO "problem_type" VALUES(302,25);
INSERT INTO "problem_type" VALUES(303,25);
INSERT INTO "problem_type" VALUES(304,25);
INSERT INTO "problem_type" VALUES(305,25);
INSERT INTO "problem_type" VALUES(306,25);
INSERT INTO "problem_type" VALUES(307,25);
INSERT INTO "problem_type" VALUES(308,25);
INSERT INTO "problem_type" VALUES(309,26);
INSERT INTO "problem_type" VALUES(310,26);
INSERT INTO "problem_type" VALUES(311,26);
INSERT INTO "problem_type" VALUES(312,26);
INSERT INTO "problem_type" VALUES(313,26);
INSERT INTO "problem_type" VALUES(314,26);
INSERT INTO "problem_type" VALUES(315,12);
INSERT INTO "problem_type" VALUES(316,12);
INSERT INTO "problem_type" VALUES(317,12);
INSERT INTO "problem_type" VALUES(318,12);
INSERT INTO "problem_type" VALUES(319,12);
INSERT INTO "problem_type" VALUES(320,12);
INSERT INTO "problem_type" VALUES(321,12);
INSERT INTO "problem_type" VALUES(322,12);
INSERT INTO "problem_type" VALUES(323,27);
INSERT INTO "problem_type" VALUES(324,27);
INSERT INTO "problem_type" VALUES(325,27);
INSERT INTO "problem_type" VALUES(326,28);
INSERT INTO "problem_type" VALUES(327,28);
INSERT INTO "problem_type" VALUES(328,28);
INSERT INTO "problem_type" VALUES(329,28);
INSERT INTO "problem_type" VALUES(330,28);
INSERT INTO "problem_type" VALUES(331,28);
INSERT INTO "problem_type" VALUES(332,28);
INSERT INTO "problem_type" VALUES(333,28);
INSERT INTO "problem_type" VALUES(334,28);
INSERT INTO "problem_type" VALUES(335,28);
INSERT INTO "problem_type" VALUES(336,28);
INSERT INTO "problem_type" VALUES(337,6);
INSERT INTO "problem_type" VALUES(338,6);
INSERT INTO "problem_type" VALUES(339,6);
INSERT INTO "problem_type" VALUES(340,6);
INSERT INTO "problem_type" VALUES(341,6);
INSERT INTO "problem_type" VALUES(342,6);
INSERT INTO "problem_type" VALUES(343,6);
INSERT INTO "problem_type" VALUES(344,6);
INSERT INTO "problem_type" VALUES(345,6);
INSERT INTO "problem_type" VALUES(346,6);
INSERT INTO "problem_type" VALUES(347,4);
INSERT INTO "problem_type" VALUES(348,4);
INSERT INTO "problem_type" VALUES(349,4);
INSERT INTO "problem_type" VALUES(350,4);
INSERT INTO "problem_type" VALUES(351,4);
INSERT INTO "problem_type" VALUES(352,4);
INSERT INTO "problem_type" VALUES(353,4);
INSERT INTO "problem_type" VALUES(354,4);
INSERT INTO "problem_type" VALUES(355,5);
INSERT INTO "problem_type" VALUES(356,5);
INSERT INTO "problem_type" VALUES(357,5);
INSERT INTO "problem_type" VALUES(358,5);
INSERT INTO "problem_type" VALUES(359,7);
INSERT INTO "problem_type" VALUES(360,7);
INSERT INTO "problem_type" VALUES(361,7);
INSERT INTO "problem_type" VALUES(362,7);
CREATE TABLE subtype (
    id        INTEGER PRIMARY KEY,
    type_id   INTEGER NOT NULL REFERENCES type(id),   -- subtypes are scoped to a type
    name      TEXT NOT NULL,                          -- e.g. 'integration_by_parts'
    UNIQUE (type_id, name)
);
INSERT INTO "subtype" VALUES(1,8,'trig_values');
INSERT INTO "subtype" VALUES(2,8,'log_exp_values');
INSERT INTO "subtype" VALUES(3,8,'constants');
INSERT INTO "subtype" VALUES(4,1,'product_rule');
INSERT INTO "subtype" VALUES(5,1,'quotient_rule');
INSERT INTO "subtype" VALUES(6,1,'chain_rule');
INSERT INTO "subtype" VALUES(7,1,'logarithmic');
INSERT INTO "subtype" VALUES(8,2,'u_substitution');
INSERT INTO "subtype" VALUES(9,2,'integration_by_parts');
INSERT INTO "subtype" VALUES(10,2,'partial_fractions');
INSERT INTO "subtype" VALUES(11,20,'geometric');
INSERT INTO "subtype" VALUES(12,20,'telescoping');
INSERT INTO "subtype" VALUES(13,20,'polynomial');
INSERT INTO "subtype" VALUES(14,23,'lhopital');
INSERT INTO "subtype" VALUES(15,23,'compound_interest');
CREATE TABLE type (
    id                  INTEGER PRIMARY KEY,
    name                TEXT NOT NULL UNIQUE,          -- e.g. 'critical_points'
    generator           TEXT,                          -- generator fn in problem_types.py
    default_instruction TEXT                           -- canonical instruction (NULL for themes)
, status TEXT NOT NULL DEFAULT 'active');
INSERT INTO "type" VALUES(1,'derivative','derivative','differentiate','active');
INSERT INTO "type" VALUES(2,'integral','integral','find the indefinite integral','active');
INSERT INTO "type" VALUES(3,'definite_integral','definite_integral','evaluate the definite integral','active');
INSERT INTO "type" VALUES(4,'expectation','expectation','find the expected value','active');
INSERT INTO "type" VALUES(5,'variance','variance','find the variance','active');
INSERT INTO "type" VALUES(6,'min_max','min_max','find the local extrema','active');
INSERT INTO "type" VALUES(7,'mle','mle','find the MLE','locked');
INSERT INTO "type" VALUES(8,'known_value','known_value','give the exact value','active');
INSERT INTO "type" VALUES(9,'factoring','factoring','factor','locked');
INSERT INTO "type" VALUES(10,'identity','identity','simplify','locked');
INSERT INTO "type" VALUES(11,'partial','partial','find the partial derivative','locked');
INSERT INTO "type" VALUES(12,'double_integral','double_integral','evaluate the double integral','active');
INSERT INTO "type" VALUES(13,'binomial','binomial','evaluate the binomial coefficient','locked');
INSERT INTO "type" VALUES(14,'complete_square','complete_square','complete the square','locked');
INSERT INTO "type" VALUES(15,'partial_fractions','partial_fractions','decompose into partial fractions','locked');
INSERT INTO "type" VALUES(16,'higher_derivative','higher_derivative','find the higher-order derivative','locked');
INSERT INTO "type" VALUES(17,'leibniz','leibniz','differentiate under the integral sign','locked');
INSERT INTO "type" VALUES(18,'improper_integral','improper_integral','evaluate the improper integral','active');
INSERT INTO "type" VALUES(19,'numeric_integral','numeric_integral','evaluate the integral','active');
INSERT INTO "type" VALUES(20,'summation','summation','evaluate the sum','locked');
INSERT INTO "type" VALUES(21,'binomial_expand','binomial_expand','expand the binomial','locked');
INSERT INTO "type" VALUES(22,'taylor','taylor','find the Taylor series','locked');
INSERT INTO "type" VALUES(23,'limit','limit_','evaluate the limit','locked');
INSERT INTO "type" VALUES(24,'determinant','determinant','evaluate the determinant','locked');
INSERT INTO "type" VALUES(25,'matrix_inverse','matrix_inverse','find the matrix inverse','locked');
INSERT INTO "type" VALUES(26,'quadratic_form','quadratic_form','expand the quadratic form','active');
INSERT INTO "type" VALUES(27,'switch_order','switch_order','reverse the order of integration','locked');
INSERT INTO "type" VALUES(28,'critical_points','critical_points','find all critical points','active');
CREATE TABLE type_focus_period (
    id        INTEGER PRIMARY KEY,
    type_id   INTEGER NOT NULL REFERENCES type(id),
    focus     TEXT NOT NULL,                           -- accuracy | speed | mastery
    start_at  TEXT NOT NULL,
    end_at    TEXT                                     -- NULL = current/open period
);
INSERT INTO "type_focus_period" VALUES(2,21,'accuracy','2026-06-29T22:58:55.509404+00:00',NULL);
INSERT INTO "type_focus_period" VALUES(3,14,'accuracy','2026-06-29T22:58:55.509552+00:00',NULL);
INSERT INTO "type_focus_period" VALUES(4,28,'accuracy','2026-06-29T22:58:55.509555+00:00',NULL);
INSERT INTO "type_focus_period" VALUES(5,3,'accuracy','2026-06-29T22:58:55.509558+00:00',NULL);
INSERT INTO "type_focus_period" VALUES(6,1,'accuracy','2026-06-29T22:58:55.509561+00:00',NULL);
INSERT INTO "type_focus_period" VALUES(7,24,'accuracy','2026-06-29T22:58:55.509563+00:00',NULL);
INSERT INTO "type_focus_period" VALUES(8,12,'accuracy','2026-06-29T22:58:55.509565+00:00',NULL);
INSERT INTO "type_focus_period" VALUES(9,4,'accuracy','2026-06-29T22:58:55.509568+00:00',NULL);
INSERT INTO "type_focus_period" VALUES(10,9,'accuracy','2026-06-29T22:58:55.509570+00:00',NULL);
INSERT INTO "type_focus_period" VALUES(11,16,'accuracy','2026-06-29T22:58:55.509572+00:00',NULL);
INSERT INTO "type_focus_period" VALUES(12,10,'accuracy','2026-06-29T22:58:55.509574+00:00',NULL);
INSERT INTO "type_focus_period" VALUES(13,18,'accuracy','2026-06-29T22:58:55.509577+00:00',NULL);
INSERT INTO "type_focus_period" VALUES(14,2,'accuracy','2026-06-29T22:58:55.509579+00:00','2026-06-29T23:10:23.715500+00:00');
INSERT INTO "type_focus_period" VALUES(15,8,'accuracy','2026-06-29T22:58:55.509581+00:00','2026-06-29T23:10:09.557891+00:00');
INSERT INTO "type_focus_period" VALUES(16,17,'accuracy','2026-06-29T22:58:55.509583+00:00',NULL);
INSERT INTO "type_focus_period" VALUES(17,23,'accuracy','2026-06-29T22:58:55.509585+00:00',NULL);
INSERT INTO "type_focus_period" VALUES(18,25,'accuracy','2026-06-29T22:58:55.509587+00:00',NULL);
INSERT INTO "type_focus_period" VALUES(19,6,'accuracy','2026-06-29T22:58:55.509589+00:00',NULL);
INSERT INTO "type_focus_period" VALUES(21,19,'accuracy','2026-06-29T22:58:55.509594+00:00',NULL);
INSERT INTO "type_focus_period" VALUES(22,11,'accuracy','2026-06-29T22:58:55.509596+00:00',NULL);
INSERT INTO "type_focus_period" VALUES(23,15,'accuracy','2026-06-29T22:58:55.509598+00:00',NULL);
INSERT INTO "type_focus_period" VALUES(24,26,'accuracy','2026-06-29T22:58:55.509601+00:00',NULL);
INSERT INTO "type_focus_period" VALUES(25,20,'accuracy','2026-06-29T22:58:55.509603+00:00',NULL);
INSERT INTO "type_focus_period" VALUES(26,27,'accuracy','2026-06-29T22:58:55.509605+00:00',NULL);
INSERT INTO "type_focus_period" VALUES(27,22,'accuracy','2026-06-29T22:58:55.509607+00:00',NULL);
INSERT INTO "type_focus_period" VALUES(28,5,'accuracy','2026-06-29T22:58:55.509609+00:00',NULL);
INSERT INTO "type_focus_period" VALUES(29,13,'accuracy','2026-06-28T18:52:38.227196+00:00',NULL);
INSERT INTO "type_focus_period" VALUES(30,7,'accuracy','2026-06-29T23:04:34.728921+00:00',NULL);
INSERT INTO "type_focus_period" VALUES(31,8,'speed','2026-06-29T23:10:09.557891+00:00','2026-06-29T23:10:26.638005+00:00');
INSERT INTO "type_focus_period" VALUES(32,2,'speed','2026-06-29T23:10:23.715500+00:00','2026-06-29T23:10:28.748554+00:00');
INSERT INTO "type_focus_period" VALUES(33,8,'accuracy','2026-06-29T23:10:26.638005+00:00',NULL);
INSERT INTO "type_focus_period" VALUES(34,2,'accuracy','2026-06-29T23:10:28.748554+00:00',NULL);
COMMIT;
